-- phpMyAdmin SQL Dump
-- version 4.6.5.2
-- https://www.phpmyadmin.net/
--
-- Host: 127.0.0.1
-- Generation Time: Sep 08, 2017 at 05:45 PM
-- Server version: 10.1.21-MariaDB
-- PHP Version: 5.6.30

SET SQL_MODE = "NO_AUTO_VALUE_ON_ZERO";
SET time_zone = "+00:00";


/*!40101 SET @OLD_CHARACTER_SET_CLIENT=@@CHARACTER_SET_CLIENT */;
/*!40101 SET @OLD_CHARACTER_SET_RESULTS=@@CHARACTER_SET_RESULTS */;
/*!40101 SET @OLD_COLLATION_CONNECTION=@@COLLATION_CONNECTION */;
/*!40101 SET NAMES utf8mb4 */;

--
-- Database: `shareit`
--

-- --------------------------------------------------------

--
-- Table structure for table `ads`
--

CREATE TABLE `ads` (
  `id` int(50) NOT NULL,
  `name` varchar(255) COLLATE utf8_unicode_ci NOT NULL,
  `picture` varchar(255) COLLATE utf8_unicode_ci NOT NULL,
  `link` varchar(255) COLLATE utf8_unicode_ci NOT NULL,
  `active` int(50) NOT NULL
) ENGINE=InnoDB DEFAULT CHARSET=utf8 COLLATE=utf8_unicode_ci;

--
-- Dumping data for table `ads`
--

INSERT INTO `ads` (`id`, `name`, `picture`, `link`, `active`) VALUES
(1, 'Sublime Text 11', 'hinhanh1.jpg', 'http://vinaenter.edu.vn/', 1),
(2, 'Vina Milk', 'hinhanh1.jpg', 'http://vinaenter.edu.vn/', 0),
(3, 'SunWord', 'hinhanh1.jpg', 'http://vinaenter.edu.vn/', 1),
(4, 'Audi', 'hinhanh1.jpg', 'http://vinaenter.edu.vn/', 0),
(5, 'WMB', 'hinhanh1.jpg', 'http://vinaenter.edu.vn/', 1),
(6, 'Farrari', 'hinhanh1.jpg', 'http://vinaenter.edu.vn/', 1),
(7, 'Chenal', 'hinhanh1.jpg', 'http://vinaenter.edu.vn/', 0),
(8, 'Vinaenter', 'hinhanh1.jpg', 'http://vinaenter.edu.vn/', 1);

-- --------------------------------------------------------

--
-- Table structure for table `cat_list`
--

CREATE TABLE `cat_list` (
  `id` int(50) NOT NULL,
  `name` varchar(255) COLLATE utf8_unicode_ci NOT NULL,
  `parent_id` int(50) NOT NULL,
  `show_index` int(50) NOT NULL
) ENGINE=InnoDB DEFAULT CHARSET=utf8 COLLATE=utf8_unicode_ci;

--
-- Dumping data for table `cat_list`
--

INSERT INTO `cat_list` (`id`, `name`, `parent_id`, `show_index`) VALUES
(1, 'Đào tạo', 0, 1),
(2, 'Công nghệ', 0, 1),
(3, 'Lập trình', 0, 1),
(4, 'Java', 3, 0),
(5, 'Android', 3, 0),
(6, 'Ios', 3, 0),
(7, 'Web-Design', 3, 0),
(16, 'Thủ thuật', 0, 1),
(18, 'VinaEnter', 1, 0),
(19, 'Tin khác', 0, 0);

-- --------------------------------------------------------

--
-- Table structure for table `comment`
--

CREATE TABLE `comment` (
  `id` int(50) NOT NULL,
  `content` text COLLATE utf8_unicode_ci NOT NULL,
  `date_create` timestamp NOT NULL DEFAULT CURRENT_TIMESTAMP ON UPDATE CURRENT_TIMESTAMP,
  `parent_id` int(50) NOT NULL,
  `news_id` int(50) NOT NULL,
  `name` varchar(255) COLLATE utf8_unicode_ci NOT NULL,
  `email` varchar(255) COLLATE utf8_unicode_ci NOT NULL,
  `website` varchar(255) COLLATE utf8_unicode_ci NOT NULL,
  `active` int(11) NOT NULL
) ENGINE=InnoDB DEFAULT CHARSET=utf8 COLLATE=utf8_unicode_ci;

--
-- Dumping data for table `comment`
--

INSERT INTO `comment` (`id`, `content`, `date_create`, `parent_id`, `news_id`, `name`, `email`, `website`, `active`) VALUES
(1, 'Bài viết hay quá', '2017-09-01 02:33:06', 0, 1, 'manhhoan', 'manhhoan@gmail.com', 'manhhoan@gmail.com', 1),
(3, 'Khóa học khi nào khai giảng', '2017-08-30 03:43:05', 1, 1, 'manh', 'manhhoan@gmail.com', 'manhhoan@gmail.com', 0),
(4, 'Cài đặt studio thế nào', '2017-09-07 01:32:46', 1, 1, 'manh', 'manhhoan@gmail.com', 'manhhoan@gmail.com', 1),
(5, 'Làm sao nén file css và js', '2017-08-31 00:56:54', 0, 2, 'manh', 'manhhoan@gmail.com', 'manhhoan@gmail.com', 1),
(6, 'MAnhhoanudhasd addsauddu uhduash', '2017-09-07 09:00:06', 1, 1, 'mnhhoan', 'mnhhoan', 'manhhoan', 1),
(8, 'sadwqdeqdsadwqd', '2017-09-07 09:16:40', 0, 1, 'sssssssssssssssdsadasd', 'sssssssadasdas', 'sdsdasdasd', 0),
(9, 'sczx', '2017-09-07 16:41:18', 0, 1, 'rteefsdzxc', 'grsdzvxc', 'ưdaszcx', 1),
(10, 'trrrrrrrrrrrrrrrrrrrre', '2017-09-07 16:41:17', 0, 1, 'sdftreeeeeeeeeeeee', 'treeeeeeeeeeeeeeee', 'reeeeeeeeeeeeeeeeee', 1),
(11, 'ewqqqqqqqqqqqq', '2017-09-07 16:41:17', 0, 1, 'ewqqqqq', 'ewqqqqqqq', 'ewqqq', 1),
(12, 'qewqqqqqqq', '2017-09-07 16:41:13', 0, 1, 'ewqqqqqqqqqq', 'ewqqqqq', 'ewqqqqqqqqqqq', 1),
(13, 'ưqewqe', '2017-09-08 03:03:02', 11, 1, 'ewqe', 'ewqe', 'ưqewq', 0),
(14, 'ssdsfffffffffffffff', '2017-09-08 09:17:58', 1, 1, 'dffffffffffffffff', 'fdsdsffffffff', 'fffdssssssss', 0),
(15, 'dsffffffffffffffffffff', '2017-09-08 09:18:10', 0, 1, 'fdsdfsd', 'fdsffffffffffffff', 'sfsd', 0),
(16, 'ddddddddd', '2017-09-08 09:55:05', 0, 1, 'ddd', 'ddddddđ', 'dddddđ', 0),
(17, 'f244444444444444444f', '2017-09-08 09:57:03', 1, 1, 'dsfffffffffffff2', 'f4444444444', '24444444444444f', 0);

-- --------------------------------------------------------

--
-- Table structure for table `commentvideo`
--

CREATE TABLE `commentvideo` (
  `id` int(50) NOT NULL,
  `content` text COLLATE utf8_unicode_ci NOT NULL,
  `date_create` timestamp NOT NULL DEFAULT CURRENT_TIMESTAMP ON UPDATE CURRENT_TIMESTAMP,
  `parent_id` int(50) NOT NULL,
  `video_id` int(50) NOT NULL,
  `name` varchar(255) COLLATE utf8_unicode_ci NOT NULL,
  `email` varchar(255) COLLATE utf8_unicode_ci NOT NULL,
  `website` varchar(255) COLLATE utf8_unicode_ci NOT NULL,
  `active` int(11) NOT NULL
) ENGINE=InnoDB DEFAULT CHARSET=utf8 COLLATE=utf8_unicode_ci;

--
-- Dumping data for table `commentvideo`
--

INSERT INTO `commentvideo` (`id`, `content`, `date_create`, `parent_id`, `video_id`, `name`, `email`, `website`, `active`) VALUES
(1, 'Bài viết hay quá', '2017-09-01 02:33:06', 0, 1, 'manhhoan', 'manhhoan@gmail.com', 'manhhoan@gmail.com', 1),
(3, 'Khóa học khi nào khai giảng', '2017-08-30 03:43:05', 1, 1, 'manh', 'manhhoan@gmail.com', 'manhhoan@gmail.com', 0),
(4, 'Cài đặt studio thế nào', '2017-09-08 09:45:13', 1, 1, 'manh', 'manhhoan@gmail.com', 'manhhoan@gmail.com', 1),
(5, 'Làm sao nén file css và js', '2017-08-31 00:56:54', 0, 2, 'manh', 'manhhoan@gmail.com', 'manhhoan@gmail.com', 1),
(6, 'MAnhhoanudhasd addsauddu uhduash', '2017-09-07 09:00:06', 1, 1, 'mnhhoan', 'mnhhoan', 'manhhoan', 1),
(8, 'sadwqdeqdsadwqd', '2017-09-07 09:16:40', 0, 1, 'sssssssssssssssdsadasd', 'sssssssadasdas', 'sdsdasdasd', 0),
(9, 'sczx', '2017-09-07 16:41:18', 0, 1, 'rteefsdzxc', 'grsdzvxc', 'ưdaszcx', 1),
(10, 'trrrrrrrrrrrrrrrrrrrre', '2017-09-07 16:41:17', 0, 1, 'sdftreeeeeeeeeeeee', 'treeeeeeeeeeeeeeee', 'reeeeeeeeeeeeeeeeee', 1),
(11, 'ewqqqqqqqqqqqq', '2017-09-07 16:41:17', 0, 1, 'ewqqqqq', 'ewqqqqqqq', 'ewqqq', 1),
(12, 'qewqqqqqqq', '2017-09-07 16:41:13', 0, 1, 'ewqqqqqqqqqq', 'ewqqqqq', 'ewqqqqqqqqqqq', 1),
(13, 'ddddddddddddđ', '2017-09-08 05:03:17', 1, 1, 'sssssssssss', 'ddddddđ', 'ddddddđ', 0),
(14, 'fdssssssssssssssssssss', '2017-09-08 09:18:39', 1, 1, 'sfdddddd', 'đsfddddddd', 'fdssssssssssssss', 0),
(15, 'fsdfffffffffffffffff', '2017-09-08 09:18:49', 0, 1, 'fsdddddđ', 'sdfffffffffff', 'ffffsdffffffffffff', 0);

-- --------------------------------------------------------

--
-- Table structure for table `contact`
--

CREATE TABLE `contact` (
  `id` int(50) NOT NULL,
  `name` varchar(255) COLLATE utf8_unicode_ci NOT NULL,
  `email` varchar(255) COLLATE utf8_unicode_ci NOT NULL,
  `web` varchar(255) COLLATE utf8_unicode_ci NOT NULL,
  `content` text COLLATE utf8_unicode_ci NOT NULL
) ENGINE=InnoDB DEFAULT CHARSET=utf8 COLLATE=utf8_unicode_ci;

--
-- Dumping data for table `contact`
--

INSERT INTO `contact` (`id`, `name`, `email`, `web`, `content`) VALUES
(2, 'dsad', 'sdasad', 'dsaaaaaaaaaa', 'dsaaaaaaaaaa'),
(3, 'Nguyễn Mạnh Hoan', 'manhhoan76.cntt@gmail.com', 'ádsadasdsad', '981615773'),
(4, 'đâsd', 'asdsadasd@gmau.ondhah', 'jhbiuusa', 'sdadasdaskd');

-- --------------------------------------------------------

--
-- Table structure for table `mess`
--

CREATE TABLE `mess` (
  `id` int(50) NOT NULL,
  `id_sent` int(50) NOT NULL,
  `id_receive` int(50) NOT NULL,
  `content` text COLLATE utf8_unicode_ci NOT NULL,
  `date_create` timestamp NOT NULL DEFAULT CURRENT_TIMESTAMP ON UPDATE CURRENT_TIMESTAMP
) ENGINE=InnoDB DEFAULT CHARSET=utf8 COLLATE=utf8_unicode_ci;

--
-- Dumping data for table `mess`
--

INSERT INTO `mess` (`id`, `id_sent`, `id_receive`, `content`, `date_create`) VALUES
(1, 1, 3, 'adsadsadsads', '2017-09-01 09:49:14'),
(2, 3, 1, 'adsadsadsads', '2017-09-01 16:06:39'),
(3, 3, 1, 'adsadsadsads', '2017-09-01 09:49:24'),
(4, 1, 5, 'adsadsadsads', '2017-08-31 18:37:37'),
(5, 3, 5, 'adsadsadsads', '2017-08-31 18:37:37'),
(6, 3, 1, 'adsadsadsads', '2017-09-01 09:49:29'),
(7, 5, 3, 'adsadsadsads', '2017-08-31 18:37:37'),
(8, 4, 5, 'adsadsadsads', '2017-09-01 15:47:59'),
(9, 5, 1, 'ssssss', '2017-09-01 18:10:09'),
(10, 5, 1, 'xsaxsa', '2017-09-01 18:12:18'),
(11, 5, 1, 'xsaxsasá', '2017-09-01 18:12:22'),
(12, 5, 1, 'gfgdfgdfgdfg', '2017-09-01 18:13:23'),
(13, 5, 1, 'Thử nghiêm', '2017-09-01 18:16:42'),
(14, 5, 1, 'test', '2017-09-01 18:17:14'),
(15, 5, 1, 'ddddđ', '2017-09-01 18:21:38'),
(16, 5, 1, 'asaaSAssaaSAs', '2017-09-01 18:22:38'),
(17, 5, 1, 'thử lần 2', '2017-09-01 18:22:54'),
(18, 5, 1, 'thử lần 3', '2017-09-01 18:23:01'),
(19, 1, 5, 'dsfds', '2017-09-01 18:30:56'),
(20, 1, 4, 'abc xyz', '2017-09-02 01:14:26'),
(21, 1, 3, 'hhhhhh', '2017-09-02 03:09:53'),
(22, 1, 3, 'dadsadasd', '2017-09-02 03:09:59'),
(23, 1, 5, '44rer3243243242', '2017-09-02 03:10:19');

-- --------------------------------------------------------

--
-- Table structure for table `news`
--

CREATE TABLE `news` (
  `id` int(50) NOT NULL,
  `name` varchar(255) COLLATE utf8_unicode_ci NOT NULL,
  `preview` text COLLATE utf8_unicode_ci NOT NULL,
  `detail` text COLLATE utf8_unicode_ci NOT NULL,
  `date_create` timestamp NOT NULL DEFAULT CURRENT_TIMESTAMP ON UPDATE CURRENT_TIMESTAMP,
  `picture` varchar(255) COLLATE utf8_unicode_ci NOT NULL,
  `cat_id` int(50) NOT NULL,
  `is_slide` int(50) NOT NULL,
  `view` int(50) NOT NULL,
  `user_id` int(50) NOT NULL,
  `cat_parent` int(50) NOT NULL
) ENGINE=InnoDB DEFAULT CHARSET=utf8 COLLATE=utf8_unicode_ci;

--
-- Dumping data for table `news`
--

INSERT INTO `news` (`id`, `name`, `preview`, `detail`, `date_create`, `picture`, `cat_id`, `is_slide`, `view`, `user_id`, `cat_parent`) VALUES
(1, 'Đà Nẵng cùng Vietnam Web Summit', 'Đà Nẵng cùng Vietnam Web Summit', 'Tôi và thằng bạn thân vẫn chia sẻ, trò chuyện trước những tin vịt đã truyền qua lớp khác. hôm trước, sẵn sàng đâm va vào tàu Việt Nam.', '2017-09-08 15:16:13', 'hinhanh1.jpg', 1, 0, 74, 1, 1),
(2, 'Cộng đồng công nghệ Hà Nội tưng bừng hào hứng', 'Tôi và thằng bạn thân vẫn chia sẻ, trò chuyện trước những tin vịt đã truyền qua lớp khác.', 'Tôi và thằng bạn thân vẫn chia sẻ, trò chuyện trước những tin vịt đã truyền qua lớp khác.', '2017-09-08 15:16:19', 'hinhanh1.jpg', 1, 0, 17, 3, 1),
(3, 'haha chả có chi hết            vcdfgfggggggggggggggd', '<p>&nbsp;Ha ha aha&nbsp;Ha ha aha&nbsp;Ha ha aha&nbsp;Ha ha aha&nbsp;Ha ha aha&nbsp;Ha ha aha&nbsp;Ha ha aha&nbsp;Ha ha aha&nbsp;Ha ha aha&nbsp;Ha ha aha&nbsp;Ha ha aha&nbsp;Ha ha aha&nbsp;Ha ha aha&nbsp;Ha ha aha&nbsp;Ha ha aha&nbsp;Ha ha aha&nbsp;Ha ha aha&nbsp;Ha ha aha&nbsp;Ha ha aha&nbsp;Ha ha aha&nbsp;Ha ha aha&nbsp;Ha ha aha&nbsp;Ha ha aha&nbsp;Ha ha aha&nbsp;Ha ha aha&nbsp;Ha ha aha&nbsp;Ha ha aha&nbsp;Ha ha aha&nbsp;Ha ha aha&nbsp;Ha&nbsp;</p>\r\n', '<p>&nbsp;Ha ha aha&nbsp;Ha ha aha&nbsp;Ha ha aha&nbsp;Ha ha aha&nbsp;Ha ha aha&nbsp;Ha ha aha&nbsp;Ha ha aha&nbsp;Ha ha aha&nbsp;Ha ha aha&nbsp;Ha ha aha&nbsp;Ha ha aha&nbsp;Ha ha aha&nbsp;Ha ha aha&nbsp;Ha ha aha&nbsp;Ha ha aha&nbsp;Ha ha aha&nbsp;Ha ha aha&nbsp;Ha ha aha&nbsp;Ha ha aha&nbsp;Ha ha aha&nbsp;Ha ha aha&nbsp;Ha ha aha&nbsp;Ha ha aha&nbsp;Ha ha aha&nbsp;Ha ha aha&nbsp;Ha ha aha&nbsp;Ha ha aha&nbsp;Ha ha aha&nbsp;Ha ha aha&nbsp;Ha ha aha&nbsp;Ha ha aha&nbsp;Ha ha aha&nbsp;Ha ha aha&nbsp;Ha ha aha&nbsp;Ha ha aha&nbsp;Ha ha aha&nbsp;Ha ha aha&nbsp;Ha ha aha&nbsp;Ha ha aha&nbsp;Ha ha aha&nbsp;Ha ha aha&nbsp;Ha ha aha&nbsp;Ha ha aha&nbsp;Ha ha aha&nbsp;Ha ha aha&nbsp;Ha ha aha&nbsp;Ha ha aha&nbsp;Ha ha aha&nbsp;Ha ha aha&nbsp;Ha ha aha&nbsp;Ha ha aha&nbsp;Ha ha aha&nbsp;Ha ha aha&nbsp;Ha ha aha&nbsp;Ha ha aha&nbsp;Ha ha aha&nbsp;Ha ha aha&nbsp;Ha ha aha&nbsp;Ha ha aha&nbsp;Ha ha aha&nbsp;Ha ha aha&nbsp;Ha ha aha&nbsp;Ha ha aha&nbsp;Ha ha aha&nbsp;Ha ha aha&nbsp;</p>\r\n', '2017-09-08 15:16:20', 'hinhanh1.jpg', 4, 0, 2, 3, 3),
(4, 'Lập trình PHP từ A-Z', '<p>T&ocirc;i v&agrave; thằng bạn th&acirc;n vẫn chia sẻ, tr&ograve; chuyện trước những tin vịt đ&atilde; truyền qua lớp kh&aacute;c.</p>\r\n', '<p>T&ocirc;i v&agrave; thằng bạn th&acirc;n vẫn chia sẻ, tr&ograve; chuyện trước những tin vịt đ&atilde; truyền qua lớp kh&aacute;c.</p>\r\n', '2017-09-08 15:16:20', 'hinhanh1.jpg', 3, 0, 0, 1, 3),
(5, 'Lập trình JAVA từ A-Z', '<p>T&ocirc;i v&agrave; thằng bạn th&acirc;n vẫn chia sẻ, tr&ograve; chuyện trước những tin vịt đ&atilde; truyền qua lớp kh&aacute;c.</p>\r\n', '<p>Java cũng l&agrave; một trong nhưng ng&ocirc;n ngữ lập tr&igrave;nh sử dụng phổ biến nhất thế giới, d&ugrave;ng để x&acirc;y dựng c&aacute;c phần mềm, ứng dụng kh&aacute;c nhau, viết c&aacute;c ứng dụng web, x&acirc;y dựng c&aacute;c ứng dụng trong doanh nghiệp, si&ecirc;u thị, bệnh viện, ng&acirc;n h&agrave;ng&hellip;</p>\r\n', '2017-09-07 16:42:29', 'hinhanh1.jpg', 4, 0, 4, 1, 3),
(7, 'Mỹ - Triều giao chiến, ', '<p>Mỹ - Triều giao chiến, &quot;cổng địa ngục sẽ mở&quot;</p>\r\n', '<p>Mỹ - Triều giao chiến, &quot;cổng địa ngục sẽ mở&quot;</p>\r\n', '2017-09-07 16:42:30', 'hinhanh1.jpg', 1, 0, 14, 5, 1),
(8, 'Mỹ - Triều giao chiến, ', '<p>eeeeeeeeeeeeeeee</p>\r\n', '<p>eeeeeeeeeeeeeeeeee</p>\r\n', '2017-09-07 01:25:17', 'hinhanh1.jpg', 6, 0, 2, 5, 3),
(10, 'haha chả có chi hết www', '<p>haha chả c&oacute; chi hết wwwwwwwwwwwwwwwwwww</p>\r\n', '<p>haha chả c&oacute; chi hết wwwwwwwwwwwwwwwwwww</p>\r\n', '2017-09-07 01:24:55', 'hinhanh1.jpg', 3, 0, 1, 1, 3),
(11, 'haha chả có chi hết        ưdddddđ', '<p>haha chả c&oacute; chi hết &nbsp; &nbsp; &nbsp; &nbsp;ưdddddđ</p>\r\n', '<p>haha chả c&oacute; chi hết &nbsp; &nbsp; &nbsp; &nbsp;ưdddddđ</p>\r\n', '2017-09-04 16:19:28', 'hinhanh1.jpg', 1, 0, 0, 1, 1),
(12, 'haha chả có chi hết            vcdfgfggggggggggggggd', '<p>&nbsp;Ha ha aha&nbsp;Ha ha aha&nbsp;Ha ha aha&nbsp;Ha ha aha&nbsp;Ha ha aha&nbsp;Ha ha aha&nbsp;Ha ha aha&nbsp;Ha ha aha&nbsp;Ha ha aha&nbsp;Ha ha aha&nbsp;Ha ha aha&nbsp;Ha ha aha&nbsp;Ha ha aha&nbsp;Ha ha aha&nbsp;Ha ha aha&nbsp;Ha ha aha&nbsp;Ha ha aha&nbsp;Ha ha aha&nbsp;Ha ha aha&nbsp;Ha ha aha&nbsp;Ha ha aha&nbsp;Ha ha aha&nbsp;Ha ha aha&nbsp;Ha ha aha&nbsp;Ha ha aha&nbsp;Ha ha aha&nbsp;Ha ha aha&nbsp;Ha ha aha&nbsp;Ha ha aha&nbsp;Ha&nbsp;</p>\r\n', '<p>&nbsp;Ha ha aha&nbsp;Ha ha aha&nbsp;Ha ha aha&nbsp;Ha ha aha&nbsp;Ha ha aha&nbsp;Ha ha aha&nbsp;Ha ha aha&nbsp;Ha ha aha&nbsp;Ha ha aha&nbsp;Ha ha aha&nbsp;Ha ha aha&nbsp;Ha ha aha&nbsp;Ha ha aha&nbsp;Ha ha aha&nbsp;Ha ha aha&nbsp;Ha ha aha&nbsp;Ha ha aha&nbsp;Ha ha aha&nbsp;Ha ha aha&nbsp;Ha ha aha&nbsp;Ha ha aha&nbsp;Ha ha aha&nbsp;Ha ha aha&nbsp;Ha ha aha&nbsp;Ha ha aha&nbsp;Ha ha aha&nbsp;Ha ha aha&nbsp;Ha ha aha&nbsp;Ha ha aha&nbsp;Ha ha aha&nbsp;Ha ha aha&nbsp;Ha ha aha&nbsp;Ha ha aha&nbsp;Ha ha aha&nbsp;Ha ha aha&nbsp;Ha ha aha&nbsp;Ha ha aha&nbsp;Ha ha aha&nbsp;Ha ha aha&nbsp;Ha ha aha&nbsp;Ha ha aha&nbsp;Ha ha aha&nbsp;Ha ha aha&nbsp;Ha ha aha&nbsp;Ha ha aha&nbsp;Ha ha aha&nbsp;Ha ha aha&nbsp;Ha ha aha&nbsp;Ha ha aha&nbsp;Ha ha aha&nbsp;Ha ha aha&nbsp;Ha ha aha&nbsp;Ha ha aha&nbsp;Ha ha aha&nbsp;Ha ha aha&nbsp;Ha ha aha&nbsp;Ha ha aha&nbsp;Ha ha aha&nbsp;Ha ha aha&nbsp;Ha ha aha&nbsp;Ha ha aha&nbsp;Ha ha aha&nbsp;Ha ha aha&nbsp;Ha ha aha&nbsp;Ha ha aha&nbsp;</p>\r\n', '2017-09-07 02:17:44', 'hinhanh1.jpg', 5, 0, 2, 1, 3),
(13, 'Học lập trình Java dễ xin việc', '<p>Cũng kh&ocirc;ng c&oacute; g&igrave; kh&oacute; hiểu bởi Java l&agrave; ng&ocirc;n ngữ độc lập nền tảng, với khẩu hiệu &quot;viết một lần, chạy mọi nơi&quot;, c&ugrave;ng với phong c&aacute;ch lập tr&igrave;nh hướng đối tượng đ&atilde; trở th&agrave;nh ng&ocirc;n ngữ lập tr&igrave;nh phổ biến nhất lu&ocirc;n được c&aacute;c lập tr&igrave;nh vi&ecirc;n giỏi sử dụng.</p>\r\n', '<p>ava sẽ l&agrave;m việc tr&ecirc;n bất cứ thiết bị chạy hệ điều h&agrave;nh n&agrave;o, chỉ cần c&agrave;i đặt Java Runtime Environment (JRE). Ch&iacute;nh điều đ&oacute; l&agrave; sức hấp dẫn c&aacute;c lập tr&igrave;nh vi&ecirc;n&nbsp;<a href=\"http://vinaenter.edu.vn/lap-trinh-java-tu-az.html\">học lập tr&igrave;nh Java</a>, bạn c&oacute; thể tưởng tượng nếu bạn phải viết một phi&ecirc;n bản của một ứng dụng cho c&aacute;c hệ điều h&agrave;nh, c&aacute;c loại thiết bị hiện c&oacute; tr&ecirc;n thị trường th&igrave; bạn sẽ hiểu tại sao Java c&oacute; sức quyến rũ như vậy. Ngo&agrave;i ra, c&aacute;c tổ chức, doanh nghiệp cũng muốn sử dụng v&agrave; n&acirc;ng ng&ocirc;n ngữ n&agrave;y trở th&agrave;nh kỹ năng được c&aacute;c nh&agrave; tuyển dụng cần nhất.</p>\r\n\r\n<p>Java đ&atilde; v&agrave; đang tạo được nguồn cảm hứng bất tận để thu h&uacute;t rất nhiều người theo đuổi, với mức lương cao 15tr &ndash; 20 tr/th&aacute;ng ở Việt Nam, n&oacute; đ&atilde; trở th&agrave;nh nghề nghiệp n&oacute;ng bỏng đối với những người thực sự viết ra c&aacute;c chương tr&igrave;nh m&aacute;y t&iacute;nh.</p>\r\n\r\n<p style=\"margin-left:0px; margin-right:0px; text-align:start\"><span style=\"font-size:13px\"><span style=\"color:#333333\"><span style=\"font-family:Tahoma,&quot;Arial sans-serif&quot;\"><span style=\"background-color:#ffffff\"><span style=\"font-family:inherit\"><strong>Java đạt được sự độc lập nền tảng như thế n&agrave;o</strong></span></span></span></span></span></p>\r\n\r\n<p style=\"margin-left:0px; margin-right:0px; text-align:start\"><span style=\"font-size:13px\"><span style=\"color:#333333\"><span style=\"font-family:Tahoma,&quot;Arial sans-serif&quot;\"><span style=\"background-color:#ffffff\">Sự ra đời của Java từ một dự &aacute;n nhỏ v&agrave;o năm 1990, hiện nay, Java đ&atilde; chuyển m&igrave;nh trở th&agrave;nh một c&ocirc;ng nghệ phổ biến đến mức tạo ra một hệ sinh th&aacute;i kỹ thuật số. Bạn c&oacute; thể gặp Java được sử dụng ở khắp nơi tr&ecirc;n Internet v&agrave; c&oacute; mặt tại c&aacute;c thiết bị như điện thoại di động, m&aacute;y t&iacute;nh bảng, m&aacute;y t&iacute;nh để b&agrave;n, console, TV v&agrave; m&aacute;y in. N&oacute; hiện c&oacute; mặt tr&ecirc;n 3 tỷ điện thoại di động v&agrave; c&aacute;c enterprise desktop đều chạy Java.</span></span></span></span></p>\r\n\r\n<p style=\"margin-left:0px; margin-right:0px; text-align:start\"><span style=\"font-size:13px\"><span style=\"color:#333333\"><span style=\"font-family:Tahoma,&quot;Arial sans-serif&quot;\"><span style=\"background-color:#ffffff\">Nếu ai đ&atilde; từng&nbsp;<a href=\"http://vinaenter.edu.vn/lap-trinh-java-tu-az.html\" style=\"color:#f16325; text-decoration:none\">học lập tr&igrave;nh Java cơ bản</a>, chắc sẽ biết được n&oacute; kh&ocirc;ng giống như những ng&ocirc;n ngữ kh&aacute;c, bởi v&igrave; Java cho ph&eacute;p hoạt động trong bất kỳ sự kết hợp n&agrave;o của phần cứng v&agrave; hệ điều h&agrave;nh, n&oacute; đạt được mức độ cao của t&iacute;nh di động. Bởi tr&ecirc;n nền tảng cụ thể, Java đ&atilde; được bi&ecirc;n dịch trực tiếp th&agrave;nh m&atilde; m&aacute;y. Code Java đầu ti&ecirc;n l&agrave; Bytecode được bi&ecirc;n dịch th&agrave;nh một định dạng trung gian nhưng được thực thi cụ thể bởi một m&aacute;y ảo phần cứng.</span></span></span></span></p>\r\n\r\n<p style=\"margin-left:0px; margin-right:0px; text-align:justify\">&nbsp;</p>\r\n\r\n<p style=\"margin-left:0px; margin-right:0px; text-align:start\"><span style=\"font-size:13px\"><span style=\"color:#333333\"><span style=\"font-family:Tahoma,&quot;Arial sans-serif&quot;\"><span style=\"background-color:#ffffff\">Qua nhiều năm ph&aacute;t triển, th&ocirc;ng qua c&aacute;c Java Runtime Environment (JRE) chứa c&aacute;c hardware-specific virtual machines (m&aacute;y ảo phần cứng) cụ thể, Java đ&atilde; hỗ trợ hầu hết c&aacute;c nền tảng IT. N&oacute; đi k&egrave;m trong nhiều phi&ecirc;n bản enterprise, standard,v&agrave; micro. C&aacute;c nền tảng được hỗ trợ bao gồm Linux, Mac OS, &nbsp;Windows v&agrave; Solaris.</span></span></span></span></p>\r\n\r\n<p style=\"margin-left:0px; margin-right:0px; text-align:start\">&nbsp;</p>\r\n\r\n<p style=\"margin-left:0px; margin-right:0px; text-align:start\"><span style=\"font-size:13px\"><span style=\"color:#333333\"><span style=\"font-family:Tahoma,&quot;Arial sans-serif&quot;\"><span style=\"background-color:#ffffff\"><span style=\"font-family:inherit\"><strong>Java l&agrave; ng&ocirc;n ngữ lập tr&igrave;nh hướng đối tượng</strong></span></span></span></span></span></p>\r\n\r\n<p style=\"margin-left:0px; margin-right:0px; text-align:start\"><span style=\"font-size:13px\"><span style=\"color:#333333\"><span style=\"font-family:Tahoma,&quot;Arial sans-serif&quot;\"><span style=\"background-color:#ffffff\">Lập tr&igrave;nh hướng đối tượng c&oacute; nhiều lợi thế, do nền tảng m&ocirc;-đun tự nhi&ecirc;n của n&oacute; thường l&agrave;m cho n&oacute; rẻ hơn, dễ d&agrave;ng hơn, nhanh hơn trong ph&aacute;t triển v&agrave; quản l&yacute; phần mềm. V&agrave; Java l&agrave; ng&ocirc;n ngữ lập tr&igrave;nh hướng đối tượng đại diện đầy đủ nhất cho c&aacute;c ng&ocirc;n ngữ hướng đối tượng kh&aacute;c để giới thiệu c&aacute;c lợi &iacute;ch to lớn của m&ocirc; h&igrave;nh n&agrave;y.</span></span></span></span></p>\r\n\r\n<p style=\"margin-left:0px; margin-right:0px; text-align:justify\">&nbsp;</p>\r\n\r\n<p style=\"margin-left:0px; margin-right:0px; text-align:start\"><span style=\"font-size:13px\"><span style=\"color:#333333\"><span style=\"font-family:Tahoma,&quot;Arial sans-serif&quot;\"><span style=\"background-color:#ffffff\">Với Java, c&aacute;c phần code cũ thường được mở rộng v&agrave; t&aacute;i sử dụng, kh&ocirc;ng như c&aacute;c ng&ocirc;n ngữ hướng đối tượng kh&aacute;c, mọi người thường phải bỏ đi phần code đ&atilde; sử dụng trước đ&oacute; khi c&oacute; một y&ecirc;u cầu lập tr&igrave;nh mới cần phải được đưa v&agrave;o chương tr&igrave;nh, kết quả l&agrave; sử dụng Java sẽ c&oacute; nhiều thư viện mạnh mẽ hơn v&agrave; tr&aacute;nh được l&atilde;ng ph&iacute;.</span></span></span></span></p>\r\n', '2017-09-08 14:02:45', 'hinhanh1.jpg', 4, 0, 0, 1, 3),
(14, 'Những kiến thức nào cần thiết với 1 LTV JAVA?', '<p>C&ocirc;ng nghệ Java đ&atilde; ph&aacute;t triển v&agrave; trở thực sự trở n&ecirc;n rất lớn trong thập kỷ qua. C&oacute; qu&aacute; nhiều thứ để học v&agrave; gần như l&agrave; kh&ocirc;ng thể để một người c&oacute; thể l&agrave;m chủ tất cả ch&uacute;ng. Kiến thức của bạn về c&ocirc;ng nghệ Java sẽ phụ thuộc ho&agrave;n to&agrave;n v&agrave;o những g&igrave; bạn đang l&agrave;m việc.</p>\r\n', '<p>Trong bất kỳ ng&ocirc;n ngữ n&agrave;o, như Java hay một số ng&ocirc;n ngữ kh&aacute;c, sẽ quan trọng v&agrave; c&oacute; &iacute;ch khi nắm bắt c&aacute;c kh&aacute;i niệm tổng quan (hướng đối tượng (OOP), interfaces, class, objects, threading,&hellip;) chứ kh&ocirc;ng phải l&agrave; c&aacute;c framework hoặc c&uacute; ph&aacute;p cụ thể. Lu&ocirc;n dễ d&agrave;ng để nhanh ch&oacute;ng t&igrave;m hiểu c&aacute;c c&ocirc;ng nghệ mới khi bạn nắm vững c&aacute;c nguy&ecirc;n tắc cơ bản.</p>\r\n\r\n<p style=\"margin-left:0px; margin-right:0px; text-align:start\"><span style=\"font-size:13px\"><span style=\"color:#333333\"><span style=\"font-family:Tahoma,&quot;Arial sans-serif&quot;\"><span style=\"background-color:#ffffff\"><span style=\"font-family:inherit\"><strong>7 điều d&agrave;nh cho Lập tr&igrave;nh vi&ecirc;n JAVA vừa tốt nghiệp</strong></span></span></span></span></span></p>\r\n\r\n<p style=\"margin-left:0px; margin-right:0px; text-align:start\"><span style=\"font-size:13px\"><span style=\"color:#333333\"><span style=\"font-family:Tahoma,&quot;Arial sans-serif&quot;\"><span style=\"background-color:#ffffff\">1. Java Virtual Machine l&agrave;m việc như thế n&agrave;o? (Platform Independence, Garbage Collection, class files&hellip;)</span></span></span></span></p>\r\n\r\n<p style=\"margin-left:0px; margin-right:0px; text-align:start\"><span style=\"font-size:13px\"><span style=\"color:#333333\"><span style=\"font-family:Tahoma,&quot;Arial sans-serif&quot;\"><span style=\"background-color:#ffffff\">2. C&aacute;c kh&aacute;i niệm lập tr&igrave;nh hướng đối tượng thực hiện trong Java l&agrave; g&igrave;?</span></span></span></span></p>\r\n\r\n<p style=\"margin-left:0px; margin-right:0px; text-align:start\"><span style=\"font-size:13px\"><span style=\"color:#333333\"><span style=\"font-family:Tahoma,&quot;Arial sans-serif&quot;\"><span style=\"background-color:#ffffff\">3. Multi-threading</span></span></span></span></p>\r\n\r\n<p style=\"margin-left:0px; margin-right:0px; text-align:start\"><span style=\"font-size:13px\"><span style=\"color:#333333\"><span style=\"font-family:Tahoma,&quot;Arial sans-serif&quot;\"><span style=\"background-color:#ffffff\">4. Java Collection framework</span></span></span></span></p>\r\n\r\n<p style=\"margin-left:0px; margin-right:0px; text-align:start\"><span style=\"font-size:13px\"><span style=\"color:#333333\"><span style=\"font-family:Tahoma,&quot;Arial sans-serif&quot;\"><span style=\"background-color:#ffffff\">5. C&oacute; hiểu biết về c&aacute;c kiểu dữ liệu v&agrave; v&agrave;i lớp java.lang như String, Math, System v.v, nguy&ecirc;n tắc luồng java.io</span></span></span></span></p>\r\n\r\n<p style=\"margin-left:0px; margin-right:0px; text-align:start\"><span style=\"font-size:13px\"><span style=\"color:#333333\"><span style=\"font-family:Tahoma,&quot;Arial sans-serif&quot;\"><span style=\"background-color:#ffffff\">6. Hiểu kh&aacute;i niệm về lập tr&igrave;nh sự kiện Swing/AWT.</span></span></span></span></p>\r\n\r\n<p style=\"margin-left:0px; margin-right:0px; text-align:start\"><span style=\"font-size:13px\"><span style=\"color:#333333\"><span style=\"font-family:Tahoma,&quot;Arial sans-serif&quot;\"><span style=\"background-color:#ffffff\">7. C&aacute;c kh&aacute;i niệm về Servlets&amp;JSP.</span></span></span></span></p>\r\n\r\n<p style=\"margin-left:0px; margin-right:0px; text-align:start\"><span style=\"font-size:13px\"><span style=\"color:#333333\"><span style=\"font-family:Tahoma,&quot;Arial sans-serif&quot;\"><span style=\"background-color:#ffffff\"><span style=\"font-family:inherit\"><strong>9 điều d&agrave;nh cho Lập tr&igrave;nh JAVA c&oacute; kinh nghiệm để ph&aacute;t triển hơn nữa</strong></span></span></span></span></span></p>\r\n\r\n<p style=\"margin-left:0px; margin-right:0px; text-align:start\"><span style=\"font-size:13px\"><span style=\"color:#333333\"><span style=\"font-family:Tahoma,&quot;Arial sans-serif&quot;\"><span style=\"background-color:#ffffff\">Nếu bạn l&agrave; một lập tr&igrave;nh vi&ecirc;n Java c&oacute; kinh, bạn cũng c&oacute; thể cần phải hiểu những điều cơ bản sau đ&acirc;y ngo&agrave;i những người được liệt k&ecirc; ở tr&ecirc;n.</span></span></span></span></p>\r\n\r\n<p style=\"margin-left:0px; margin-right:0px; text-align:start\"><span style=\"font-size:13px\"><span style=\"color:#333333\"><span style=\"font-family:Tahoma,&quot;Arial sans-serif&quot;\"><span style=\"background-color:#ffffff\">1. Hiểu được c&aacute;c mẫu thiết kế (design patterns) v&agrave; sử dụng của n&oacute; trong Java</span></span></span></span></p>\r\n\r\n<p style=\"margin-left:0px; margin-right:0px; text-align:start\"><span style=\"font-size:13px\"><span style=\"color:#333333\"><span style=\"font-family:Tahoma,&quot;Arial sans-serif&quot;\"><span style=\"background-color:#ffffff\">2. Những cải tiến về ng&ocirc;n ngữ từ những thay đổi phi&ecirc;n bản ch&iacute;nh (Generics, Annotations, Enums,&hellip;).</span></span></span></span></p>\r\n\r\n<p style=\"margin-left:0px; margin-right:0px; text-align:start\"><span style=\"font-size:13px\"><span style=\"color:#333333\"><span style=\"font-family:Tahoma,&quot;Arial sans-serif&quot;\"><span style=\"background-color:#ffffff\">3. Quy tắc viết m&atilde; (Coding Conventions).</span></span></span></span></p>\r\n\r\n<p style=\"margin-left:0px; margin-right:0px; text-align:start\"><span style=\"font-size:13px\"><span style=\"color:#333333\"><span style=\"font-family:Tahoma,&quot;Arial sans-serif&quot;\"><span style=\"background-color:#ffffff\">4. Build tool (Ant) hoặc Project Management Tool (Maven).</span></span></span></span></p>\r\n\r\n<p style=\"margin-left:0px; margin-right:0px; text-align:start\"><span style=\"font-size:13px\"><span style=\"color:#333333\"><span style=\"font-family:Tahoma,&quot;Arial sans-serif&quot;\"><span style=\"background-color:#ffffff\">5. Hệ thống quản l&yacute; phi&ecirc;n bản như CVS/SVN/Perforce/Clearcase.</span></span></span></span></p>\r\n\r\n<p style=\"margin-left:0px; margin-right:0px; text-align:start\"><span style=\"font-size:13px\"><span style=\"color:#333333\"><span style=\"font-family:Tahoma,&quot;Arial sans-serif&quot;\"><span style=\"background-color:#ffffff\">6. Apache Commons Libraries v&agrave; v&agrave;i thư viện nguồn mở kh&aacute;c</span></span></span></span></p>\r\n\r\n<p style=\"margin-left:0px; margin-right:0px; text-align:start\"><span style=\"font-size:13px\"><span style=\"color:#333333\"><span style=\"font-family:Tahoma,&quot;Arial sans-serif&quot;\"><span style=\"background-color:#ffffff\">7. Continuous Integration Tools and Unit testing.</span></span></span></span></p>\r\n\r\n<p style=\"margin-left:0px; margin-right:0px; text-align:start\"><span style=\"font-size:13px\"><span style=\"color:#333333\"><span style=\"font-family:Tahoma,&quot;Arial sans-serif&quot;\"><span style=\"background-color:#ffffff\">8. Hiểu biết cơ bản về XML</span></span></span></span></p>\r\n\r\n<p style=\"margin-left:0px; margin-right:0px; text-align:start\"><span style=\"font-size:13px\"><span style=\"color:#333333\"><span style=\"font-family:Tahoma,&quot;Arial sans-serif&quot;\"><span style=\"background-color:#ffffff\">9. Hiểu biết cơ bản về c&aacute;c frameworks lớp Business &ndash; v&iacute; dụ như Spring</span></span></span></span></p>\r\n\r\n<p style=\"margin-left:0px; margin-right:0px; text-align:start\"><span style=\"font-size:13px\"><span style=\"color:#333333\"><span style=\"font-family:Tahoma,&quot;Arial sans-serif&quot;\"><span style=\"background-color:#ffffff\"><span style=\"font-family:inherit\"><strong>4 điều m&agrave; lập tr&igrave;nh vi&ecirc;n Java Web (JEE) Developer phải biết</strong></span></span></span></span></span></p>\r\n\r\n<p style=\"margin-left:0px; margin-right:0px; text-align:start\"><span style=\"font-size:13px\"><span style=\"color:#333333\"><span style=\"font-family:Tahoma,&quot;Arial sans-serif&quot;\"><span style=\"background-color:#ffffff\">Nếu bạn l&agrave; một người l&agrave;m việc chuy&ecirc;n nghiệp gi&agrave;u kinh nghiệm về ph&aacute;t triển Java Web, bạn cũng cần phải hiểu những điều cơ bản sau đ&acirc;y ngo&agrave;i những c&aacute;i (7 + 9) được liệt k&ecirc; ở tr&ecirc;n.</span></span></span></span></p>\r\n\r\n<p style=\"margin-left:0px; margin-right:0px; text-align:start\"><span style=\"font-size:13px\"><span style=\"color:#333333\"><span style=\"font-family:Tahoma,&quot;Arial sans-serif&quot;\"><span style=\"background-color:#ffffff\">1. Hiểu biết về MVC Frameworks &ndash; Frameworks J2EE m&atilde; nguồn mở như Struts, Webwork, Spring MVC, Tapestry.</span></span></span></span></p>\r\n\r\n<p style=\"margin-left:0px; margin-right:0px; text-align:start\"><span style=\"font-size:13px\"><span style=\"color:#333333\"><span style=\"font-family:Tahoma,&quot;Arial sans-serif&quot;\"><span style=\"background-color:#ffffff\">2. Hiểu biết cơ bản về Web Services.</span></span></span></span></p>\r\n\r\n<p style=\"margin-left:0px; margin-right:0px; text-align:start\"><span style=\"font-size:13px\"><span style=\"color:#333333\"><span style=\"font-family:Tahoma,&quot;Arial sans-serif&quot;\"><span style=\"background-color:#ffffff\">3. Hiểu biết tốt về Web/Application server như Tomcat, Glassfish, WebLogic, WebSphere, Jetty etc.</span></span></span></span></p>\r\n\r\n<p style=\"margin-left:0px; margin-right:0px; text-align:start\"><span style=\"font-size:13px\"><span style=\"color:#333333\"><span style=\"font-family:Tahoma,&quot;Arial sans-serif&quot;\"><span style=\"background-color:#ffffff\">4. Hiểu biết về m&ocirc;i trường Unix &ndash; Hầu hết c&aacute;c server Java đặt tr&ecirc;n m&ocirc;i trường Unix n&ecirc;n hiểu biết về Unix l&agrave; một lợi thế lớn</span></span></span></span></p>\r\n\r\n<p style=\"margin-left:0px; margin-right:0px; text-align:start\"><span style=\"font-size:13px\"><span style=\"color:#333333\"><span style=\"font-family:Tahoma,&quot;Arial sans-serif&quot;\"><span style=\"background-color:#ffffff\">Thật sự rất kh&oacute; để nắm r&otilde; v&agrave; s&acirc;u tất cả mọi thứ, khi m&agrave; danh s&aacute;ch rất d&agrave;i v&agrave; thứ n&agrave;o cũng rộng. Nhưng quan trọng v&agrave; c&oacute; gi&aacute; trị l&agrave; biết cơ bản kỹ lưỡng, phần c&ograve;n lại c&oacute; thể học được một c&aacute;ch nhanh ch&oacute;ng khi cần thiết, tất nhi&ecirc;n, bạn phải biết rằng n&oacute; tồn tại, nếu kh&ocirc;ng bạn sẽ kh&ocirc;ng biết cần học thứ g&igrave;.</span></span></span></span></p>\r\n', '2017-09-08 14:04:59', 'hinhanh1.jpg', 4, 0, 0, 1, 3),
(15, 'Kỹ năng cốt lõi trong thế kỷ 21 là lập trình', '<p><strong>C&oacute; rất nhiều c&ocirc;ng việc lập tr&igrave;nh trong tương lai cần được lấp đầy</strong></p>\r\n', '<p>Đối với những người th&ocirc;ng thạo về c&ocirc;ng nghệ, th&igrave; c&oacute; rất nhiều c&ocirc;ng việc để họ lựa chọn. Kết luận duy nhất ở đ&acirc;y đ&oacute; l&agrave; ch&uacute;ng ta ng&agrave;y c&agrave;ng cần nhiều lập tr&igrave;nh vi&ecirc;n hơn.</p>\r\n\r\n<p>Kh&ocirc;ng phải ngẫu nhi&ecirc;n m&agrave; người ta định gi&aacute; Facebook tới $100 tỷ đ&ocirc;-la v&agrave; n&oacute; kh&ocirc;ng phải l&agrave; c&ocirc;ng ty c&ocirc;ng nghệ duy nhất đang ph&aacute;t triển. Chỉ số chứng kho&aacute;n của c&aacute;c c&ocirc;ng ty c&ocirc;ng nghệ lu&ocirc;n tăng trưởng cao trong 10 năm gần đ&acirc;y. Sự ph&aacute;t triển c&ocirc;ng nghệ hiện nay l&agrave; c&oacute; thật. Thị trường c&ocirc;ng nghệ đang b&ugrave;ng nổ, mọi c&ocirc;ng ty v&agrave; c&aacute;c startup đều đang tăng cường tuyển dụng. Họ t&igrave;m mọi c&aacute;ch để thu&ecirc; được những lập tr&igrave;nh vi&ecirc;n giỏi.</p>\r\n\r\n<p style=\"margin-left:0px; margin-right:0px; text-align:start\"><span style=\"font-size:13px\"><span style=\"color:#333333\"><span style=\"font-family:Tahoma,&quot;Arial sans-serif&quot;\"><span style=\"background-color:#ffffff\">Hiện nay c&oacute; rất nhiều cuộc tranh gi&agrave;nh để tuyển dụng nh&acirc;n t&agrave;i giữa những g&atilde; khổng lồ c&ocirc;ng nghệ. C&aacute;c kỹ sư giỏi của Google đang đổ x&ocirc; đến những c&ocirc;ng ty c&ocirc;ng nghệ trẻ hơn chẳng hạn như Facebook v&agrave; Twitter. Với việc Facebook l&ecirc;n s&agrave;n chứng kho&aacute;n (IPO) th&igrave; bạn kh&ocirc;ng thể đổ lỗi cho những kỹ sư đ&oacute;; họ thực sự sẽ thu được nhiều bổng lộc hơn khi tham gia v&agrave;o c&ocirc;ng ty n&agrave;y. Nhưng mặc d&ugrave; cuộc tranh gi&agrave;nh kỹ sư giỏi l&agrave; rất khốc liệt, n&oacute; kh&ocirc;ng chỉ đơn thuần l&agrave; vấn đề của c&aacute;c c&ocirc;ng ty lớn như Apple v&agrave; Microsoft, m&agrave; hiện tượng n&agrave;y c&ograve;n diễn ra trong tất cả c&aacute;c c&ocirc;ng ty c&ocirc;ng nghệ v&agrave; c&aacute;c startup nữa.</span></span></span></span></p>\r\n\r\n<p style=\"margin-left:0px; margin-right:0px; text-align:start\"><span style=\"font-size:13px\"><span style=\"color:#333333\"><span style=\"font-family:Tahoma,&quot;Arial sans-serif&quot;\"><span style=\"background-color:#ffffff\">Hơn nữa, hiện nay mỗi c&ocirc;ng ty tr&ecirc;n thế giới đều hiểu tầm quan trọng của việc phải xuất hiện trực tuyến, tiếp cận kh&aacute;ch h&agrave;ng tr&ecirc;n mạng x&atilde; hội v&agrave; c&aacute;c thiết bị di động. Bởi vậy số lượng lập tr&igrave;nh vi&ecirc;n t&agrave;i năng hiện nay l&agrave; kh&ocirc;ng thể đ&aacute;p ứng nổi nhu cầu ng&agrave;y c&agrave;ng tăng.</span></span></span></span></p>\r\n\r\n<p style=\"margin-left:0px; margin-right:0px; text-align:start\"><span style=\"font-size:13px\"><span style=\"color:#333333\"><span style=\"font-family:Tahoma,&quot;Arial sans-serif&quot;\"><span style=\"background-color:#ffffff\">Thị trường việc l&agrave;m kh&ocirc;ng c&oacute; sự c&acirc;n đối giữa cung v&agrave; cầu. Trong hầu hết c&aacute;c ng&agrave;nh c&ocirc;ng nghiệp, số lượng người lao động sẽ nhiều hơn so với số lượng người sử dụng lao động. Nhưng trong lĩnh vực ph&aacute;t triển phần mềm th&igrave; ho&agrave;n to&agrave;n ngược lại. Người ta phải tạo ra c&aacute;c sự kiện để &quot;mai mối&quot; cho c&aacute;c startup gặp được những lập tr&igrave;nh vi&ecirc;n giỏi. C&aacute;c c&ocirc;ng ty sẽ l&agrave;m bất cứ điều g&igrave; để c&oacute; được một lập tr&igrave;nh vi&ecirc;n giỏi về đầu qu&acirc;n cho họ.</span></span></span></span></p>\r\n\r\n<p style=\"margin-left:0px; margin-right:0px; text-align:start\"><span style=\"font-size:13px\"><span style=\"color:#333333\"><span style=\"font-family:Tahoma,&quot;Arial sans-serif&quot;\"><span style=\"background-color:#ffffff\"><span style=\"font-family:inherit\"><strong>C&oacute; rất nhiều c&aacute;ch để học lập tr&igrave;nh</strong></span></span></span></span></span></p>\r\n\r\n<p style=\"margin-left:0px; margin-right:0px; text-align:start\"><span style=\"font-size:13px\"><span style=\"color:#333333\"><span style=\"font-family:Tahoma,&quot;Arial sans-serif&quot;\"><span style=\"background-color:#ffffff\">Mark Lassoff, người s&aacute;ng lập của Learntoprogram.tv, tin rằng đ&acirc;y kh&ocirc;ng chỉ l&agrave; nơi bạn học lập tr&igrave;nh. N&oacute; l&agrave; một hồ sơ portfolio m&agrave; bạn c&oacute; thể tr&igrave;nh ra cho nh&agrave; tuyển dụng tương lai.</span></span></span></span></p>\r\n\r\n<p style=\"margin-left:0px; margin-right:0px; text-align:start\"><span style=\"font-size:13px\"><span style=\"color:#333333\"><span style=\"font-family:Tahoma,&quot;Arial sans-serif&quot;\"><span style=\"background-color:#ffffff\">&quot;Mọi người thường nghĩ rằng bạn phải quay lại trường học để học lập tr&igrave;nh v&agrave; c&aacute;c kỹ năng m&aacute;y t&iacute;nh kh&aacute;c, nhưng kh&ocirc;ng phải như vậy,&quot; &ocirc;ng n&oacute;i. &quot;C&oacute; những lầm tưởng rằng bạn phải l&agrave; thi&ecirc;n t&agrave;i về to&aacute;n học hay khoa học mới c&oacute; thể học n&oacute;. Điều đ&oacute; l&agrave; kh&ocirc;ng đ&uacute;ng. Bạn chỉ cần t&igrave;m hiểu qu&aacute; tr&igrave;nh n&agrave;y, v&agrave; sau đ&oacute; thực h&agrave;nh n&oacute;. Bạn c&oacute; thể x&acirc;y dựng một hồ sơ portfolio bằng c&aacute;ch t&igrave;nh nguyện tạo ra một sản phẩm phần mềm n&agrave;o đ&oacute; cho một nh&agrave; thờ hoặc tổ chức từ thiện.&quot;</span></span></span></span></p>\r\n\r\n<p style=\"margin-left:0px; margin-right:0px; text-align:start\"><span style=\"font-size:13px\"><span style=\"color:#333333\"><span style=\"font-family:Tahoma,&quot;Arial sans-serif&quot;\"><span style=\"background-color:#ffffff\">Th&ocirc;ng thường, c&aacute;c lập tr&igrave;nh vi&ecirc;n mới v&agrave;o nghề sẽ k&eacute;m hấp dẫn hơn so với những người c&oacute; kinh nghiệm trong con mắt c&aacute;c nh&agrave; tuyển dụng. Nhưng t&igrave;nh trạng khan hiếm lập tr&igrave;nh vi&ecirc;n hiện nay khiến c&aacute;c nh&agrave; tuyển dụng cũng kh&ocirc;ng c&oacute; nhiều lựa chọn. V&igrave; vậy, c&aacute;c c&ocirc;ng ty cũng chấp nhận t&igrave;m thu&ecirc; những lập tr&igrave;nh vi&ecirc;n c&oacute; &iacute;t kinh nghiệm hơn.</span></span></span></span></p>\r\n\r\n<p style=\"margin-left:0px; margin-right:0px; text-align:start\"><span style=\"font-size:13px\"><span style=\"color:#333333\"><span style=\"font-family:Tahoma,&quot;Arial sans-serif&quot;\"><span style=\"background-color:#ffffff\"><span style=\"font-family:inherit\"><strong>Lập tr&igrave;nh c&oacute; thể gi&uacute;p ph&aacute;t triển sự nghiệp của bất cứ ai</strong></span></span></span></span></span></p>\r\n\r\n<p style=\"margin-left:0px; margin-right:0px; text-align:start\"><span style=\"font-size:13px\"><span style=\"color:#333333\"><span style=\"font-family:Tahoma,&quot;Arial sans-serif&quot;\"><span style=\"background-color:#ffffff\">Joe O&#39;Brien, một nh&agrave; ph&aacute;t triển phần mềm v&agrave; cũng l&agrave; một mentor tin rằng kỹ năng m&aacute;y t&iacute;nh l&agrave; rất cần thiết ngay cả khi bạn đ&atilde; c&oacute; một c&ocirc;ng việc kh&ocirc;ng li&ecirc;n quan đến kỹ thuật.</span></span></span></span></p>\r\n\r\n<p style=\"margin-left:0px; margin-right:0px; text-align:start\"><span style=\"font-size:13px\"><span style=\"color:#333333\"><span style=\"font-family:Tahoma,&quot;Arial sans-serif&quot;\"><span style=\"background-color:#ffffff\">&quot;Tất cả ch&uacute;ng ta đều tương t&aacute;c v&agrave; phụ thuộc v&agrave;o m&aacute;y t&iacute;nh rất nhiều trong thời đại ng&agrave;y nay,&quot; O&#39;Brien n&oacute;i. &quot;M&aacute;y t&iacute;nh l&agrave; một phần quan trọng trong tất cả c&aacute;c hoạt động của ch&uacute;ng ta.</span></span></span></span></p>\r\n\r\n<p style=\"margin-left:0px; margin-right:0px; text-align:start\"><span style=\"font-size:13px\"><span style=\"color:#333333\"><span style=\"font-family:Tahoma,&quot;Arial sans-serif&quot;\"><span style=\"background-color:#ffffff\">&quot;Kh&ocirc;ng phải l&agrave; ch&uacute;ng t&ocirc;i muốn tất cả mọi người đều học lập tr&igrave;nh để tạo ra c&aacute;c trang web v&agrave; viết ra mạng x&atilde; hội Twitter tiếp theo, nhưng t&ocirc;i nghĩ rằng việc c&oacute; một sự hiểu biết cơ bản về những g&igrave; xảy ra đằng sau mỗi chương tr&igrave;nh mang lại một &yacute; nghĩa rất lớn,&quot; &ocirc;ng n&oacute;i th&ecirc;m.</span></span></span></span></p>\r\n\r\n<p style=\"margin-left:0px; margin-right:0px; text-align:start\"><span style=\"font-size:13px\"><span style=\"color:#333333\"><span style=\"font-family:Tahoma,&quot;Arial sans-serif&quot;\"><span style=\"background-color:#ffffff\">&quot;Thậm ch&iacute; nếu một vị CEO chưa bao giờ viết code cho c&ocirc;ng ty của m&igrave;nh, nhưng chỉ cần hiểu r&otilde; những g&igrave; đang diễn ra l&agrave; đ&atilde; mang lại lợi &iacute;ch rất lớn,&quot; &ocirc;ng n&oacute;i. &quot;CEO cần phải c&oacute; rất nhiều kiến ​​thức trong rất nhiều lĩnh vực kh&aacute;c nhau v&agrave; lập tr&igrave;nh l&agrave; một phần rất lớn trong kiến thức đ&oacute;.&quot;</span></span></span></span></p>\r\n\r\n<p style=\"margin-left:0px; margin-right:0px; text-align:justify\">&nbsp;</p>\r\n\r\n<p style=\"margin-left:0px; margin-right:0px; text-align:start\"><span style=\"font-size:13px\"><span style=\"color:#333333\"><span style=\"font-family:Tahoma,&quot;Arial sans-serif&quot;\"><span style=\"background-color:#ffffff\">C&ocirc;ng nghệ sẽ tiếp tục ph&aacute;t triển như vũ b&atilde;o trong 10, 20 hay 100 năm tới, thậm ch&iacute; theo những c&aacute;ch m&agrave; ch&uacute;ng ta vẫn chưa thể tưởng tượng ra. Ch&uacute;ng ta sẽ chẳng bao giờ đi thụt l&ugrave;i cả, m&agrave; ch&uacute;ng ta ng&agrave;y c&agrave;ng tiến l&ecirc;n ph&iacute;a trước với tốc độ nhanh hơn. Ch&uacute;ng ta đang tiến gần hơn tới điểm m&agrave; tất cả mọi người sẽ kh&ocirc;ng chỉ cần phải biết l&agrave;m thế n&agrave;o để sử dụng iPad, m&agrave; c&ograve;n l&agrave;m thế n&agrave;o để viết một số ứng dụng cho ch&iacute;nh m&igrave;nh.</span></span></span></span></p>\r\n', '2017-09-08 14:05:43', 'hinhanh1.jpg', 4, 0, 0, 1, 3),
(16, 'Các trường công nghệ lớn, bao gồm Đại học Stanford đã nhận ra Java không còn là ngôn ngữ xứng đáng để dạy nhập môn nữa', '<h2>Sau nhiều năm, cuối c&ugrave;ng Java cũng phải nhường chỗ cho những ng&ocirc;n ngữ &quot;dễ thở&quot; hơn.</h2>\r\n', '<p>M&ocirc;n&nbsp;<a href=\"http://web.stanford.edu/class/cs106a/\" rel=\"nofollow\" target=\"_blank\">CS 106A</a>&nbsp;c&oacute; thể được coi l&agrave; kh&oacute;a học nhập m&ocirc;n lập tr&igrave;nh của Đại học (ĐH) Stanford danh tiếng. Chương tr&igrave;nh học hiện cũng đ&atilde; được đăng tải&nbsp;<a href=\"https://www.youtube.com/watch?v=KkMDCCdjyW8\" rel=\"nofollow\" target=\"_blank\">c&ocirc;ng khai l&ecirc;n Youtube&nbsp;</a>với những phần giới thiệu về n&ecirc;n tảng lập tr&igrave;nh một c&aacute;ch dễ hiểu cho sinh vi&ecirc;n.</p>\r\n\r\n<p>Tuy nhi&ecirc;n, nếu như trước đ&acirc;y, CS 106A vẫn chọn Java l&agrave;m ng&ocirc;n ngữ giảng dạy th&igrave; kh&oacute;a mới thay thế&nbsp;<a href=\"https://explorecourses.stanford.edu/search?view=catalog&amp;filter-coursestatus-Active=on&amp;page=0&amp;catalog=&amp;q=CS+106J%3A+Programming+Methodology+in+JavaScript&amp;collapse=\" rel=\"nofollow\" target=\"_blank\">CS 106J</a>&nbsp;năm nay lại chọn JavaScript thay thế. L&yacute; do l&agrave; bởi d&ugrave; rất phổ biến nhưng r&otilde; r&agrave;ng l&agrave; Java cũng rất rối rắm v&agrave; cồng kềnh. Trong khi đ&oacute;, JavaScript mới l&agrave; ng&ocirc;n ngữ x&acirc;y dựng web page tương t&aacute;c phổ biến nhất thế giới.</p>\r\n\r\n<p>Để h&igrave;nh dung r&otilde; hơn sự nhập nhằng của Java cũng như l&yacute; do tại sao Stanford lại đột ngột thay đổi chương tr&igrave;nh, h&atilde;y nh&igrave;n v&agrave;o v&iacute; dụ đơn giản dưới đ&acirc;y:</p>\r\n\r\n<p>D&ograve;ng code đầu ti&ecirc;n bạn sẽ thấy trong Java l&agrave;:</p>\r\n\r\n<p>class HelloWorld {<br />\r\npublic static void main(String[] args) {<br />\r\nSystem.out.println(&quot;Hello, world!&quot;);<br />\r\n}<br />\r\n}</p>\r\n\r\n<p>Tr&ocirc;ng c&oacute; vẻ kh&aacute; đ&aacute;ng sợ với những ai mới học code phải kh&ocirc;ng? &ldquo;Class&rdquo; ở đ&acirc;y l&agrave; g&igrave;? Rồi &ldquo;public static void&rdquo; nữa chứ? Nhiều người mới bắt đầu đ&atilde; thực sự &ldquo;nản&rdquo; v&igrave; sự phức tạp của Java.</p>\r\n\r\n<p>Tiếp đến, h&atilde;y nh&igrave;n d&ograve;ng code tương ứng tr&ecirc;n JavaScript:</p>\r\n\r\n<p>alert(&#39;Hello, world!&#39;);</p>\r\n\r\n<p>Dễ &ldquo;ti&ecirc;u h&oacute;a&rdquo; hơn rất nhiều rồi phải kh&ocirc;ng? Chỉ cần nh&igrave;n v&agrave;o đ&acirc;y bạn cũng c&oacute; thể thấy r&otilde; n&oacute; d&ugrave;ng l&agrave;m g&igrave;, ngay cả khi chưa từng viết d&ograve;ng code n&agrave;o trong đời.</p>\r\n\r\n<p>Lập tr&igrave;nh thực chất rất th&uacute; vị, v&agrave; xứng đ&aacute;ng được coi l&agrave; một m&ocirc;n học đầy s&aacute;ng tạo c&oacute; thể đưa bạn đến những cơ hội sự nghiệp tuyệt vời. Thế nhưng, khi c&aacute;c trường học dạy Java trong kh&oacute;a nhập m&ocirc;n, họ đ&atilde; v&ocirc; t&igrave;nh gắn lập tr&igrave;nh với những thứ nhạt nhẽo v&agrave; kh&oacute; nhằn trong mắt những người mới bắt đầu, dẫn đến nguy cơ họ sớm từ bỏ sang c&aacute;c lĩnh vực kh&aacute;c.</p>\r\n\r\n<p>Tất nhi&ecirc;n, ch&uacute;ng ta cũng kh&oacute; l&ograve;ng phủ nhận rằng d&ugrave; c&oacute; kh&ocirc;ng ph&ugrave; hợp với vai tr&ograve; &ldquo;dẫn đạo&rdquo; người nhập m&ocirc;n th&igrave; Java vẫn đang rất thịnh h&agrave;nh tr&ecirc;n thế giới.</p>\r\n\r\n<p>Năm 2005, Bernard Chalk, một học giả đến từ ĐH London South Bank v&agrave; Karen Fraser đến từ ĐH Ulster đ&atilde; c&ugrave;ng thực hiện một khảo s&aacute;t về c&aacute;c ng&ocirc;n ngữ lập tr&igrave;nh đang được giảng dạy nhập m&ocirc;n cho sinh vi&ecirc;n IT tr&ecirc;n khắp thế giới.</p>\r\n\r\n<p>Kết quả l&agrave; 60% số trường tham gia khảo s&aacute;t đều chọn Java l&agrave;m ng&ocirc;n ngữ nhập m&ocirc;n, tiếp đến l&agrave; C++ với khoảng 10%. Chỉ 3% trong số n&agrave;y lựa chọn Python.</p>\r\n\r\n<p>Tuy nhi&ecirc;n, thực tế tr&ecirc;n kh&ocirc;ng c&ograve;n đ&uacute;ng nữa. Một khảo s&aacute;t được c&ocirc;ng bố tr&ecirc;n website của Hiệp hội M&aacute;y t&iacute;nh ACM năm 2014 cho thấy Python hiện đang l&agrave; ng&ocirc;n ngữ nhập m&ocirc;n phổ biến nhất tại Mỹ. Cụ thể, 8/10 trường ĐH c&oacute; khoa IT xếp top đầu nước Mỹ cũng như 69% số trường ĐH nước n&agrave;y chọn Python l&agrave;m ng&ocirc;n ngữ nhập m&ocirc;n.</p>\r\n\r\n<p>Những ng&ocirc;n ngữ phổ biến kh&aacute;c cũng lọt top bao gồm MATLAB, C, C++, Scratch v&agrave; đương nhi&ecirc;n, kh&ocirc;ng thể thiếu b&oacute;ng&hellip;Java, d&ugrave; c&oacute; thể sẽ kh&ocirc;ng c&ograve;n hiện diện l&acirc;u nữa.</p>\r\n\r\n<p><em>Tham khảo TNW</em></p>\r\n', '2017-09-08 14:07:52', 'hinhanh1.jpg', 4, 0, 0, 1, 3),
(17, 'Khảo sát lương, phúc lợi và kỹ năng ngành IT: Mức lương cao nhất cho sinh viên mới ra trường là hơn 800 USD', '<h2>Kỹ năng Objective-C được trả lương cao nhất, Medium l&agrave; cổng th&ocirc;ng tin online hữu &iacute;ch nhất cho d&acirc;n IT, lập tr&igrave;nh vi&ecirc;n Javascript sẽ được săn l&ugrave;ng nhiều nhất trong năm nay, v&agrave; c&ograve;n g&igrave; nữa?</h2>\r\n', '<p>C&oacute; lẽ hơn ai hết, c&aacute;c nh&agrave; ph&aacute;t triển phần mềm lu&ocirc;n hiểu rằng những g&igrave; họ biết v&agrave; thuộc nằm l&ograve;ng h&ocirc;m nay c&oacute; thể trở n&ecirc;n lạc hậu rất nhanh trong ng&agrave;y mai. Ch&iacute;nh v&igrave; vậy, kỹ sư IT cần nắm bắt r&otilde; c&aacute;c xu hướng mới nhất của ng&agrave;nh để kịp thời điều chỉnh sản phẩm, đề xuất giải ph&aacute;p mới cũng như t&igrave;m kiếm cho bản th&acirc;n những cơ hội thăng tiến, đ&atilde;i ngộ tốt hơn trong tương lai.</p>\r\n\r\n<p>Mới đ&acirc;y,&nbsp;<a href=\"http://topit.vietnamworks.com/\" rel=\"nofollow\" target=\"_blank\">topITWorks</a>, &quot;s&agrave;n&quot; việc l&agrave;m IT của Vietnamworks đ&atilde; c&ocirc;ng bố bản B&aacute;o c&aacute;o lương, ph&uacute;c lợi v&agrave; kỹ năng ng&agrave;nh IT Việt Nam năm 2017. B&aacute;o c&aacute;o n&agrave;y được thực hiện dựa tr&ecirc;n khảo s&aacute;t &yacute; kiến h&agrave;ng ngh&igrave;n ứng vi&ecirc;n v&agrave; nh&agrave; tuyển dụng IT cũng như c&aacute;c dữ liệu Vietnamworks thu thập được trong suốt 5 năm qua.</p>\r\n\r\n<p>B&aacute;o c&aacute;o kh&ocirc;ng chỉ bao gồm c&aacute;c xu hướng lương, nguồn th&ocirc;ng tin v&agrave; kỹ năng hot trong ng&agrave;nh IT m&agrave; c&ograve;n n&ecirc;u cả những vấn đề kh&oacute; n&oacute;i như tăng lương, nhảy việc,...</p>\r\n\r\n<p>&nbsp;</p>\r\n', '2017-09-08 14:08:53', 'hinhanh1.jpg', 4, 0, 0, 1, 3),
(18, 'Top 15 ngôn ngữ lập trình phổ biến nhất thế giới, bạn đã biết hết chưa?', '<h2>Một v&agrave;i c&aacute;i t&ecirc;n xuất hiện trong danh s&aacute;ch n&agrave;y c&oacute; thể sẽ khiến bạn ngạc nhi&ecirc;n.</h2>\r\n', '<p>Kỹ sư phần mềm đang l&agrave; một trong những nghề nhu cầu cao nhất hiện nay &ndash; ngay cả thực tập sinh tại c&aacute;c c&ocirc;ng ty c&ocirc;ng nghệ cũng c&oacute; thể nhận một mức lương đ&aacute;ng ghen tị.</p>\r\n\r\n<p>Giữa h&agrave;ng triệu nh&agrave; ph&aacute;t triển với đủ mọi loại kỹ năng kh&aacute;c nhau, nhiều c&ocirc;ng ty c&ocirc;ng nghệ đang bắt đầu quay sang GitHub - startup 2 tỷ USD được mệnh danh l&agrave; &ldquo;Facebook của giới lập tr&igrave;nh vi&ecirc;n&rdquo; - để t&igrave;m kiếm c&aacute;c nh&acirc;n t&agrave;i code.</p>\r\n\r\n<p>Nếu bạn l&agrave; một lập tr&igrave;nh vi&ecirc;n đang t&igrave;m kiếm cơ hội việc l&agrave;m trong c&aacute;c c&ocirc;ng ty n&agrave;y th&igrave; h&atilde;y ngh&iacute;a xem danh s&aacute;ch c&aacute;c ng&ocirc;n ngữ lập tr&igrave;nh hot nhất tr&ecirc;n GitHub dưới đ&acirc;y (Danh s&aacute;ch dựa tr&ecirc;n thống k&ecirc; thực của GitHub) để xem những ng&ocirc;n ngữ n&agrave;o đang được săn đ&oacute;n nhiều nhất nh&eacute;.</p>\r\n\r\n<p><strong>15. TypeScript</strong></p>\r\n\r\n<p>L&agrave; một nh&aacute;nh của JavaScript, TypeScript l&agrave; ng&ocirc;n ngữ lập tr&igrave;nh do Microsoft ph&aacute;t triển. Xuất hiện từ năm 2012, TypeScript đ&atilde; được nhiều lập tr&igrave;nh vi&ecirc;n y&ecirc;u th&iacute;ch bởi khả năng x&acirc;y dựng c&aacute;c ứng dụng lớn tr&ecirc;n nền web hiện đại.</p>\r\n\r\n<p><strong>14. Swift</strong></p>\r\n\r\n<p>Ng&ocirc;n ngữ lập tr&igrave;nh cho iPhone do Apple ph&aacute;t triển n&agrave;y mới chỉ khởi nguồn từ năm 2014 nhưng đ&atilde; thu h&uacute;t một lượng lớn c&aacute;c nh&agrave; ph&aacute;t triển. Lyft - đối thủ của Uber tại Mỹ - cũng vừa mới viết lại to&agrave;n bộ ứng dụng iPhone của m&igrave;nh bằng Swift v&agrave; đang chứng kiến những tiến bộ đ&aacute;ng kể về hiệu năng v&agrave; trải nghiệm.</p>\r\n\r\n<p><strong>13. Scala</strong></p>\r\n\r\n<p>Bắt đầu l&ecirc;n s&oacute;ng từ năm 2001, Scala được ph&aacute;t triển nhằm gi&uacute;p c&aacute;c lập tr&igrave;nh vi&ecirc;n code nhanh v&agrave; dễ d&agrave;ng hơn so với khi viết bằng Java. C&aacute;c c&ocirc;ng ty như Airbnb v&agrave; Apple cũng từng sử dụng Scala cho c&aacute;c ứng dụng của m&igrave;nh.</p>\r\n\r\n<p><strong>12. Objective-C</strong></p>\r\n\r\n<p>Ng&ocirc;n ngữ lập tr&igrave;nh C thuở đầu đ&atilde; c&oacute; ảnh hưởng s&acirc;u rộng đến mức tạo đ&agrave; cho h&agrave;ng loạt ng&ocirc;n ngữ lập tr&igrave;nh tiền nhiệm c&ugrave;ng t&ecirc;n ra đời. Lấy cảm hứng từ C nhưng những ng&ocirc;n ngữ n&agrave;y c&ograve;n được lồng th&ecirc;m nhiều t&iacute;nh năng từ c&aacute;c ng&ocirc;n ngữ kh&aacute;c. Objective-C c&oacute; thể được d&ugrave;ng v&agrave;o thiết kế ứng dụng iOS, vẫn phổ biến hơn Swift d&ugrave; Swift cũng đang tăng trưởng rất nhanh.</p>\r\n\r\n<p><strong>11. Shell</strong></p>\r\n\r\n<p>L&agrave; một c&aacute;i t&ecirc;n c&oacute; vẻ kh&aacute; lạ l&ugrave;ng so với số c&ograve;n lại trong danh s&aacute;ch, Shell kh&ocirc;ng hẳn l&agrave; một ng&ocirc;n ngữ lập tr&igrave;nh m&agrave; l&agrave; một chương tr&igrave;nh phổ biến hay một chuỗi c&aacute;c hoạt động lặp lại trong hệ điều h&agrave;nh. C&aacute;c chuy&ecirc;n vi&ecirc;n IT trong c&ocirc;ng ty bạn c&oacute; thể sẽ d&ugrave;ng những đoạn script Shell để tự động h&oacute;a việc cập nhật c&aacute;c chương tr&igrave;nh của c&ocirc;ng ty.</p>\r\n\r\n<p><strong>10. Go</strong></p>\r\n\r\n<p>Google ph&aacute;t triển Go để gi&uacute;p c&aacute;c nh&agrave; ph&aacute;t triển của m&igrave;nh x&acirc;y dựng c&aacute;c hệ thống cho lượng người d&ugrave;ng cực lớn. Go cũng được rất nhiều lập tr&igrave;nh vi&ecirc;n y&ecirc;u th&iacute;ch v&igrave; t&iacute;nh dễ đọc v&agrave; dễ nh&acirc;n rộng.</p>\r\n\r\n<p><strong>9. C</strong></p>\r\n\r\n<p>Ng&ocirc;n ngữ kinh điển n&agrave;y được s&aacute;ng chế ra v&agrave;o năm 1972 v&agrave; vẫn thịnh h&agrave;nh cho đến ng&agrave;y nay, kh&ocirc;ng chỉ bởi khả năng hoạt động tr&ecirc;n tất cả c&aacute;c nền tảng điện to&aacute;n m&agrave; c&ograve;n bởi t&iacute;nh ổn định v&agrave; dễ hiểu với hầu hết c&aacute;c lập tr&igrave;nh vi&ecirc;n từ khắp nơi tr&ecirc;n thế giới.</p>\r\n\r\n<p><strong>8. C#</strong></p>\r\n\r\n<p>C# được đọc l&agrave; &ldquo;C-sharp&rdquo;, tương tự như một nốt trong &acirc;m nhạc. C# được Microsoft ph&aacute;t triển v&agrave; cũng l&agrave; một biến thể của ng&ocirc;n ngữ C. C# được y&ecirc;u chuộng v&igrave; khả năng đưa những &yacute; tưởng &ldquo;rất Java&rdquo; v&agrave;o c&aacute;ch lập tr&igrave;nh của m&igrave;nh.</p>\r\n\r\n<p><strong>7. CSS</strong></p>\r\n\r\n<p>Viết tắt của &ldquo;Cascading Style Sheets&rdquo;, CSS l&agrave; ng&ocirc;n ngữ d&ugrave;ng cho thiết kế định dạng v&agrave; layout website. Rất nhiều menu tr&ecirc;n website v&agrave; ứng dụng di động đều được viết bởi CSS kết hợp c&ugrave;ng JavaScript v&agrave; HTML.</p>\r\n\r\n<p><strong>6. C++</strong></p>\r\n\r\n<p>Được ph&aacute;t minh ra v&agrave;o năm 1983 như một lựa chọn thay thế ng&ocirc;n ngữ C truyền thống, C++ thực sự rất phổ biến với c&aacute;c nh&agrave; ph&aacute;t triển tr&ecirc;n to&agrave;n cầu. Microsoft Windows, Google Chrome hay c&aacute;c phần mềm cho phi cơ chiến đấu đều được viết bằng C++.</p>\r\n\r\n<p><strong>5. PHP</strong></p>\r\n\r\n<p>PHP đ&atilde; qu&aacute; phổ biến trong thiết kế website. Theo một ước t&iacute;nh kh&ocirc;ng ch&iacute;nh thức, PHP hiện được sử dụng cho 1/3 số lượng website tr&ecirc;n to&agrave;n cầu. C&aacute;c nền tảng lớn như WordPress, Facebook, Yahoo đều được ph&aacute;t triển bằng PHP. Tuy vậy cũng c&oacute; kh&ocirc;ng &iacute;t người gh&eacute;t PHP, điển h&igrave;nh l&agrave; nh&agrave; s&aacute;ng lập Stack Exchange Jeff Atwood khi khẳng định &ldquo;<em>PHP kh&ocirc;ng phải một ng&ocirc;n ngữ lập tr&igrave;nh m&agrave; đ&uacute;ng hơn phải l&agrave; một đống tạp nham c&aacute;c từ kh&oacute;a v&agrave; function.&rdquo;</em></p>\r\n\r\n<p><strong>4. Ruby</strong></p>\r\n\r\n<p>C&aacute;c nh&agrave; ph&aacute;t triển y&ecirc;u th&iacute;ch ng&ocirc;n ngữ lập tr&igrave;nh 24 năm tuổi n&agrave;y bởi độ dễ đọc, dễ viết. Đi k&egrave;m với n&oacute; l&agrave; Rails, một framework add-on gi&uacute;p cho việc x&acirc;y dựng ứng dụng web trở n&ecirc;n dễ d&agrave;ng hơn bao giờ hết. Khẩu hiệu của Ruby ch&iacute;nh l&agrave; &ldquo;người bạn tốt nhất của c&aacute;c lập tr&igrave;nh vi&ecirc;n.&rdquo;</p>\r\n\r\n<p><strong>3. Python</strong></p>\r\n\r\n<p>Với xuất ph&aacute;t điểm từ năm 1989, cũng như Ruby, Python được ưa chuộng bởi t&iacute;nh dễ đọc. Nhiều lập tr&igrave;nh vi&ecirc;n c&ograve;n cho rằng đ&acirc;y l&agrave; ng&ocirc;n ngữ dễ học nhất b&ecirc;n cạnh Ruby.</p>\r\n\r\n<p><strong>2. Java</strong></p>\r\n\r\n<p>Được Oracle ph&aacute;t minh ra v&agrave;o năm 1991, Java nay đ&atilde; trở th&agrave;nh ng&ocirc;n ngữ lập tr&igrave;nh phổ biến nhất thế giới. Java ch&iacute;nh l&agrave; phần thiết yếu trong ph&aacute;t triển ứng dụng Android, phần mềm doanh nghiệp hay TV th&ocirc;ng minh.</p>\r\n\r\n<p><strong>1. JavaScript</strong></p>\r\n\r\n<p>Ng&ocirc;n ngữ lập tr&igrave;nh si&ecirc;u phổ biến n&agrave;y thường được d&ugrave;ng v&agrave;o thiết kế ứng dụng web. Tuy t&ecirc;n giống nhau nhưng JavaScript kh&ocirc;ng li&ecirc;n quan g&igrave; nhiều đến Java. JavaScript chạy tr&ecirc;n web hiện đại nhưng đ&ocirc;i khi n&oacute; cũng l&agrave; thủ phạm l&agrave;m chậm tốc độ tr&igrave;nh duyệt hay đẩy người d&ugrave;ng v&agrave;o nhiều lỗ hổng bảo mật hơn.</p>\r\n\r\n<p>Mặc d&ugrave; danh s&aacute;ch đ&atilde; ng&atilde; ngũ nhưng c&aacute;c ng&ocirc;n ngữ tr&ecirc;n lại đang c&oacute; tốc độ ph&aacute;t triển kh&aacute;c nhau. GitHub cho biết&nbsp;<em>&ldquo;JavaScript, C# v&agrave; Go đ&atilde; chứng kiến mức tăng trưởng cao gấp đ&ocirc;i. Trong khi đ&oacute;, Swift v&agrave; TypeScript cũng đang bứt ph&aacute; với mức phổ biến tăng gấp 3,5 lần.&quot;</em></p>\r\n', '2017-09-08 14:11:47', 'hinhanh1.jpg', 3, 0, 0, 1, 3);
INSERT INTO `news` (`id`, `name`, `preview`, `detail`, `date_create`, `picture`, `cat_id`, `is_slide`, `view`, `user_id`, `cat_parent`) VALUES
(19, 'Oracle: \"Google đã kiếm được 42 tỉ USD từ Android\"', '<h2>Những lời c&aacute;o buộc n&agrave;y được chuy&ecirc;n gia kinh tế của Oracle, Adam Jaffe, ph&aacute;t biểu trong phi&ecirc;n t&ograve;a h&ocirc;m thứ Tư vừa qua.</h2>\r\n', '<p>Theo như những lời c&aacute;o buộc của Oracle, hệ điều h&agrave;nh Android đ&atilde; mang về một khoản tiền l&ecirc;n đến 42,35 tỉ USD cho Google trong khoảng từ năm 2008 đến 2015, đa số l&agrave; nhờ b&aacute;n quảng c&aacute;o. Những lời c&aacute;o buộc n&agrave;y được chuy&ecirc;n gia kinh tế của Oracle, Adam Jaffe, ph&aacute;t biểu trong phi&ecirc;n t&ograve;a h&ocirc;m thứ Tư vừa qua.</p>\r\n\r\n<p>Google kh&ocirc;ng cho biết số tiền họ đ&atilde; thu được từ Android. Ch&uacute;ng ta vẫn chưa thể chắc rằng c&oacute; phải vụ kiện tụng đ&atilde; khiến Google k&iacute;n tiếng về chuyện n&agrave;y kh&ocirc;ng, nhưng chắc chắn rằng sự y&ecirc;n lặng của Google đồng nghĩa với việc Oracle tự t&iacute;nh to&aacute;n con số tr&ecirc;n.</p>\r\n\r\n<p>V&agrave; mỗi th&aacute;ng tr&ocirc;i qua, con số m&agrave; Oracle đưa ra lại tăng hơn nữa. Trong th&aacute;ng 1, c&aacute;c hồ sơ của to&agrave; &aacute;n cho thấy Oracle đ&atilde; ước đo&aacute;n Google kiếm được 31 tỉ USD từ Android, 22 tỉ USD trong đ&oacute; l&agrave; lợi nhuận. Oracle đang đ&acirc;m đơn kiện Google phải bồi thường cho họ h&agrave;ng tỉ USD tiền bản quyền những c&ocirc;ng nghệ của c&ocirc;ng ty được d&ugrave;ng tr&ecirc;n Android, vụ kiện n&agrave;y đ&atilde; k&eacute;o d&agrave;i trong nhiều năm qua.</p>\r\n\r\n<p>Google bị c&aacute;o buộc đ&atilde; sao ch&eacute;p 32 giao diện lập tr&igrave;nh ứng dụng (application programming interface - API) từ ng&ocirc;n ngữ lập tr&igrave;nh Java. &Ocirc;ng Jaffe th&uacute; nhận trong phi&ecirc;n t&ograve;a rằng những d&ograve;ng m&atilde; được sao ch&eacute;p ở tr&ecirc;n &iacute;t hơn 1% tổng số d&ograve;ng m&atilde; của hệ điều h&agrave;nh Android.</p>\r\n\r\n<p>Google th&uacute; nhận rằng họ đ&atilde; d&ugrave;ng những h&agrave;m API ấy từ Java m&agrave; kh&ocirc;ng trả ph&iacute;. Java trước đ&oacute; được sở hữu bởi Sun Microsystems. Sau khi Oracle mua lại Sun, họ đ&atilde; kiện Google v&igrave; vi phạm bản quyền v&agrave; g&acirc;y ra thiệt hại nghi&ecirc;m trọng. Oracle đang mong muốn mức bồi thường l&agrave; 8,8 tỉ USD, số tiền n&agrave;y c&ograve;n lớn hơn mức gi&aacute; c&ocirc;ng ty đ&atilde; bỏ ra để mua lại Sun v&agrave;o năm 2009, cụ thể l&agrave; 7,4 tỉ USD.</p>\r\n\r\n<p>Tuy nhi&ecirc;n Google lại cho rằng họ d&ugrave;ng c&aacute;c h&agrave;ng API đ&oacute; đ&uacute;ng với việc sử dụng c&ocirc;ng bằng (fair use) của luật bản quyền, cho n&ecirc;n họ kh&ocirc;ng phải trả Oracle mức ph&iacute; n&agrave;o cả. Trong năm 2012, Ủy Ban Ch&acirc;u &Acirc;u tuy&ecirc;n bố rằng c&aacute;c h&agrave;m API kh&ocirc;ng thể đ&ograve;i quyền sở hữu bản quyền được.</p>\r\n\r\n<p><em>Tham khảo BI</em></p>\r\n', '2017-09-08 14:12:32', 'hinhanh1.jpg', 5, 0, 0, 1, 3),
(20, 'Oracle tiết lộ đã giảm giá tới 97,5% giá Java cho Samsung để có thể cạnh tranh với Google', '<h2>&quot;C&aacute;c c&ocirc;ng ty như Samsung giờ đ&acirc;y chỉ phải trả 1 triệu USD ph&iacute; bản quyền Java, thay v&igrave; 40 triệu USD gi&aacute; gốc&quot;, Catz cho biết.</h2>\r\n', '<p>Đồng CEO Oracle, Safra Catz, cho biết họ đang bị &eacute;p buộc phải giảm gi&aacute; cực mạnh sản phẩm cho c&aacute;c kh&aacute;ch h&agrave;ng như Amazon hay Samsung để họ sử dụng c&ocirc;ng nghệ Java, thay v&igrave; sử dụng nền tảng Google miễn ph&iacute;. C&ocirc; lấy v&iacute; dụ trường hợp của Amazon, Orcale phải &quot;khuyến m&atilde;i&quot; đến 97,5% gi&aacute; của sử dụng nền tảng Java tr&ecirc;n thiết bị Kindle Paperwhite, để khiến họ kh&ocirc;ng chuyển qua d&ugrave;ng hệ điều h&agrave;nh Android.</p>\r\n\r\n<p><em>&quot;C&aacute;c c&ocirc;ng ty như Samsung giờ đ&acirc;y chỉ phải trả 1 triệu USD ph&iacute; bản quyền Java, thay v&igrave; 40 triệu USD gi&aacute; gốc&quot;,&nbsp;</em>Catz cho biết. C&ocirc; đ&atilde; tiết lộ những điều n&agrave;y trong vụ kiện tụng li&ecirc;n quan đến Google. Vừa qua Oracle đ&atilde; cho biết Google sử dụng c&ocirc;ng nghệ của Java m&agrave; kh&ocirc;ng trả ph&iacute; bản quyền cho c&ocirc;ng ty, tuy nhi&ecirc;n Google cho rằng họ sử dụng Java một c&aacute;ch hợp ph&aacute;p v&agrave; việc copy c&ocirc;ng nghệ của Java l&ecirc;n hệ điều h&agrave;nh Android l&agrave; bất khả thi.</p>\r\n\r\n<p>Khi Java lần đầu được ph&aacute;t triển bởi c&ocirc;ng ty Sun Microsystems, họ muốn tạo ra một nền tảng để c&aacute;c nh&agrave; lập tr&igrave;nh c&oacute; thể dễ d&agrave;ng viết ứng dụng của họ chạy tr&ecirc;nmọi thiết bị kh&aacute;c nhau, từ Windows cho đến Mac cho đến tr&igrave;nh duyệt web. Oracle đ&atilde; mua lại Sun v&agrave; Java v&agrave;o năm 2009.</p>\r\n\r\n<p>Tuy Java đ&atilde; l&agrave; ng&ocirc;n ngữ lập tr&igrave;nh phổ biến cho c&aacute;c kỹ sư m&aacute;y t&iacute;nh nhưng hiện thực lại kh&aacute; trớ tr&ecirc;u. N&oacute; đang c&agrave;ng ng&agrave;y c&agrave;ng &iacute;t được sử dụng tr&ecirc;n web, smartphone, v.v... v&igrave; đơn giản l&agrave; c&aacute;c nh&agrave; lập tr&igrave;nh kh&ocirc;ng th&iacute;ch l&agrave;m việc với Java.</p>\r\n\r\n<p>Tuy nhi&ecirc;n Google đ&atilde; d&ugrave;ng một số lượng lớn c&ocirc;ng nghệ của Java để t&iacute;ch hợp l&ecirc;n hệ điều h&agrave;nh Android. Giờ đ&acirc;y kh&ocirc;ng chỉ Android miễn ph&iacute; đến tất cả mọi người, m&agrave; n&oacute; c&ograve;n l&agrave; hệ điều h&agrave;nh di động phổ biến nhất thế giới với khoảng 80% số điện thoại b&aacute;n ra tr&ecirc;n to&agrave;n cầu l&agrave; Android.</p>\r\n\r\n<p>Điều tr&ecirc;n c&oacute; nghĩa c&aacute;c nh&agrave; lập tr&igrave;nh đ&atilde; kh&ocirc;ng c&ograve;n mặn m&agrave; với Java, họ đ&atilde; v&agrave; đang chuyển sang Android. V&iacute; dụ như Amazon, họ đ&atilde; d&ugrave;ng Android l&agrave;m nền ch&iacute;nh cho hệ điều h&agrave;nh FireOS tr&ecirc;n c&aacute;c m&aacute;y t&iacute;nh bảng, hay Samsung đ&atilde; trỗi dậy với c&aacute;c smartphone chạy hệ điều h&agrave;nh Android. Android đang &quot;ăn&quot; hết to&agrave;n bộ miếng b&aacute;nh của Java, giờ đ&acirc;y Java đang phải vất vả thuyết phục c&aacute;c kh&aacute;ch h&agrave;ng v&igrave; sao họ n&ecirc;n trả tiền để d&ugrave;ng Java, thay v&igrave; sử dụng Android một c&aacute;ch miễn ph&iacute;.</p>\r\n\r\n<p><em>Tham khảo BI</em></p>\r\n', '2017-09-08 14:13:14', 'hinhanh1.jpg', 4, 0, 0, 1, 3),
(21, 'Giải ngố về Java - ngòi nổ cho cuộc chiến 9 tỷ USD giữa Google và Oracle', '<h2>D&ugrave; v&ocirc; t&igrave;nh hay hữu &yacute; th&igrave; Sun cũng đ&atilde; giăng sẵn một c&aacute;i bẫy khi tuy&ecirc;n bố Java l&agrave; ng&ocirc;n ngữ mở v&agrave; miễn ph&iacute;. Google bước ch&acirc;n v&agrave;o c&aacute;i bẫy đ&oacute; v&agrave; hưởng trọn tr&aacute;i ngọt từ Android. Đến khi Sun về tay Oracle th&igrave; c&aacute;i bẫy tai qu&aacute;i n&agrave;y mới hiện h&igrave;nh.</h2>\r\n', '<p>Năm 2010, Oracle đ&atilde; khởi động một cuộc chiến ph&aacute;p l&yacute; khổng lồ nhắm v&agrave;o Google. Trong diễn tiến mới nhất, v&agrave;o tuần n&agrave;y Oracle y&ecirc;u cầu Google phải bồi thường khoản tiền l&ecirc;n tới 9 tỷ USD.</p>\r\n\r\n<p>Trọng t&acirc;m của vụ kiện n&agrave;y l&agrave; những c&aacute;o buộc của Oracle rằng Google đ&atilde; sử dụng tr&aacute;i ph&eacute;p nhiều phần của c&ocirc;ng nghệ Java tr&ecirc;n hệ điều h&agrave;nh Android m&agrave; kh&ocirc;ng trả ph&iacute; bản quyền cho Oracle.</p>\r\n\r\n<p>Về phần m&igrave;nh, Google khẳng định c&aacute;ch h&atilde;ng n&agrave;y sử dụng Java nằm trong giới hạn &ldquo;sử dụng c&ocirc;ng bằng&rdquo; (&ldquo;fair use&rdquo;, kh&aacute;i niệm ph&aacute;p l&yacute; cho ph&eacute;p sử dụng c&oacute; giới hạn c&aacute;c nội dung tr&iacute; tuệ c&oacute; bản quyền m&agrave; kh&ocirc;ng cần phải xin ph&eacute;p chủ sở hữu). Ngo&agrave;i ra, Google cũng cho rằng Oracle kh&ocirc;ng thể đăng k&yacute; quyền sở hữu c&aacute;c th&agrave;nh phần Java được h&atilde;ng n&agrave;y sử dụng cho Android.</p>\r\n\r\n<p>Nếu kết th&uacute;c với phần thắng nghi&ecirc;ng về Oracle, vụ kiện n&agrave;y chắc chắn sẽ l&agrave;m chấn động thế giới phần mềm: x&eacute;t về mặt ph&aacute;p l&yacute;, qu&aacute; tr&igrave;nh x&acirc;y dựng c&aacute;c phần mềm c&oacute; khả năng tương th&iacute;ch với nhau sẽ trở n&ecirc;n kh&oacute; khăn hơn rất nhiều.</p>\r\n\r\n<p>Vậy, Java l&agrave; g&igrave;? Tại sao Google lại sử dụng Java? V&agrave; Oracle d&ugrave;ng căn cứ n&agrave;o để đ&ograve;i Google phải trả những khoản ph&iacute; khổng lồ?</p>\r\n\r\n<p><strong>Sơ lược về Java</strong></p>\r\n\r\n<p>N&oacute;i ngắn gọn, Java l&agrave; một trong những ng&ocirc;n ngữ lập tr&igrave;nh phổ biến nhất thế giới. Amazon, Google, Netflix, PayPal v&agrave; v&ocirc; số c&aacute;c tập đo&agrave;n kh&aacute;c sử dụng Java để x&acirc;y dựng hệ thống web v&agrave; phần mềm m&aacute;y chủ.</p>\r\n\r\n<p>Java ra đời v&agrave;o năm 1991 tại Sun Microsystems, một trong những g&atilde; khổng lồ đầu ti&ecirc;n của Thung lũng Silicon. Dự &aacute;n Java được khởi động bởi huyền thoại c&ocirc;ng nghệ James Gosling với cơ sở l&agrave; C++ (một ng&ocirc;n ngữ vẫn c&ograve;n rất phổ biến v&agrave;o thời điểm đ&oacute;), nhưng với tầm nh&igrave;n hướng về ph&iacute;a tương lai.</p>\r\n\r\n<p>Điểm đặc biệt của Java l&agrave; khả năng chạy tr&ecirc;n bất cứ một nền tảng n&agrave;o, từ Windows đến Mac, Linux v&agrave; sau n&agrave;y l&agrave; cả c&aacute;c thiết bị di động. Để c&oacute; được thế mạnh n&agrave;y, Java phải chạy tr&ecirc;n một lớp m&atilde; trung gian (bytecode) thay v&igrave; chạy trực tiếp tr&ecirc;n hệ điều h&agrave;nh, kết quả l&agrave; hiệu năng ứng dụng thường k&eacute;m hơn so với c&aacute;c ng&ocirc;n ngữ kh&aacute;c.</p>\r\n\r\n<p>Giới lập tr&igrave;nh vi&ecirc;n trẻ tuổi tại Thung lũng Silicon thường ch&ecirc; bai Java l&agrave; qu&aacute; gi&agrave; cỗi v&agrave; lỗi thời, đặc biệt l&agrave; trong thời đại di động, nơi hiệu năng c&oacute; &yacute; nghĩa v&ocirc; c&ugrave;ng quan trọng với người d&ugrave;ng. Nhưng ng&ocirc;n ngữ n&agrave;y lại c&oacute; nhiều đặc t&iacute;nh được c&aacute;c tập đo&agrave;n lớn đặc biệt ưa th&iacute;ch.</p>\r\n\r\n<p>&ldquo;<em>Java. Kh&ocirc;ng th&uacute; vị nhưng rất dễ dự đo&aacute;n. Ng&ocirc;n ngữ để c&aacute;c đội ngũ to lớn c&oacute; thể x&acirc;y dựng những thứ to lớn cho c&aacute;c tổ chức to lớn. Người ta ch&ecirc; bai, nhưng Java đơn giản l&agrave; hoạt động tốt&rdquo;</em>, t&aacute;c giả Paul Ford khẳng định trong b&agrave;i viết &ldquo;M&atilde; nguồn l&agrave; g&igrave;&rdquo; đăng tải tr&ecirc;n tạp ch&iacute; Bloomberg Businessweek.</p>\r\n\r\n<p>Ch&iacute;nh nhờ độ ổn định v&agrave; t&iacute;nh tương th&iacute;ch cao n&ecirc;n Java rất được l&ograve;ng c&aacute;c doanh nghiệp lớn. Sự đảm bảo n&agrave;y khiến cho cộng đồng coder Java l&uacute;c n&agrave;o cũng đ&ocirc;ng đảo về số lượng.</p>\r\n\r\n<p>Đến năm 2009, Oracle mua lại Sun với gi&aacute; 7,4 tỷ USD. Chỉ một năm sau đ&oacute;, Oracle mang Google ra t&ograve;a.</p>\r\n\r\n<p><strong>Cuộc trỗi dậy mạnh mẽ của Android</strong></p>\r\n\r\n<p>Năm 2005, Google mua lại một startup c&oacute; t&ecirc;n gọi Android với gi&aacute; 50 triệu USD. Đội ngũ Android được Google trưng dựng để ph&aacute;t triển một hệ điều h&agrave;nh di động ho&agrave;n to&agrave;n mới.</p>\r\n\r\n<p>Hiểu r&otilde; rằng cuộc c&aacute;ch mạng smartphone sẽ sớm b&ugrave;ng nổ, đội ngũ Google/Android phải gấp r&uacute;t ho&agrave;n th&agrave;nh hệ điều h&agrave;nh của m&igrave;nh. Để l&agrave;m được điều n&agrave;y, họ buộc phải x&acirc;y dựng Android tr&ecirc;n nền tảng l&agrave; c&aacute;c c&ocirc;ng nghệ đ&atilde; phổ biến v&agrave; được cung cấp miễn ph&iacute; từ trước, v&iacute; dụ như l&otilde;i (kernel) Linux v&agrave; ng&ocirc;n ngữ lập tr&igrave;nh Java của Sun.</p>\r\n\r\n<p>Quyết định n&agrave;y của Google c&oacute; 2 &yacute; nghĩa quan trọng: Đầu ti&ecirc;n, rất nhiều lập tr&igrave;nh vi&ecirc;n đ&atilde; th&agrave;nh tạo Java từ trước, do đ&oacute; họ sẽ kh&ocirc;ng phải học lại một ng&ocirc;n ngữ mới nếu tham gia v&agrave;o cuộc c&aacute;ch mạng di động của Google. Thứ 2, v&igrave; đ&atilde; phổ biến từ trước n&ecirc;n Java đ&atilde; c&oacute; sẵn khả năng hỗ trợ rất nhiều c&ocirc;ng nghệ cốt l&otilde;i cần thiết để x&acirc;y dựng một hệ điều h&agrave;nh mới. Google chẳng c&oacute; l&yacute; do g&igrave; để l&agrave;m lại những thứ đ&atilde; c&oacute; từ trước.</p>\r\n\r\n<p>Trong phi&ecirc;n xử vừa diễn ra v&agrave;i ng&agrave;y trước, cựu CEO Google v&agrave; cũng l&agrave; chủ tịch Alphabet hiện tại, Eric Schmidt khẳng định rằng Google đ&atilde; từng cố trả khoản ph&iacute; 40 triệu USD để được sử dụng Java tr&ecirc;n Android. Cuộc thương thuyết n&agrave;y thất bại, v&agrave; kết quả l&agrave; Google kh&ocirc;ng sử dụng logo Java ch&iacute;nh thức cho Android hay c&aacute;c c&ocirc;ng nghệ kh&aacute;c của h&atilde;ng.</p>\r\n\r\n<p>Song, Java l&agrave; một ng&ocirc;n ngữ mở. Do đ&oacute;, Google vẫn tiếp tục d&ugrave;ng Java tr&ecirc;n Android, sao ch&eacute;p lại bất cứ phần n&agrave;o h&atilde;ng n&agrave;y được ph&eacute;p sao ch&eacute;p. Ngay ch&iacute;nh cả Sun Microsystems c&oacute; lẽ cũng đ&atilde; kh&ocirc;ng qu&aacute; kh&oacute; chịu với h&agrave;nh vi n&agrave;y của Google. X&eacute;t cho c&ugrave;ng, h&agrave;ng trăm ngh&igrave;n (nếu kh&ocirc;ng muốn n&oacute;i l&agrave; h&agrave;ng triệu) coder tr&ecirc;n thế giới vẫn sử dụng Java m&agrave; chẳng cần phải trả một đồng ph&iacute; n&agrave;o cho Sun trước đ&acirc;y hay Oracle b&acirc;y giờ.</p>\r\n\r\n<p>Nhưng Oracle về bản chất l&agrave; một g&atilde; khổng lồ cực kỳ hung h&atilde;n. Khi đ&atilde; nh&igrave;n thấy kẽ hở trong h&agrave;nh động của Google, Oracle đ&atilde; nhanh ch&oacute;ng khởi kiện.</p>\r\n\r\n<p><strong>Nhập nhằng về mặt ph&aacute;p l&yacute;</strong></p>\r\n\r\n<p>Oracle kh&ocirc;ng hề khởi kiện Google v&igrave; sử dụng ng&ocirc;n ngữ lập tr&igrave;nh Java. H&atilde;ng n&agrave;y chỉ bất b&igrave;nh v&igrave; Google sử dụng tr&aacute;i ph&eacute;p&nbsp;<em>một phần</em>&nbsp;của c&ocirc;ng nghệ Java n&oacute;i chung. N&oacute;i c&aacute;ch kh&aacute;c, d&ugrave; v&ocirc; t&igrave;nh hay hữu &yacute; th&igrave; Sun cũng đ&atilde; giăng sẵn một c&aacute;i bẫy khi tuy&ecirc;n bố Java l&agrave; ng&ocirc;n ngữ mở v&agrave; miễn ph&iacute;. Google bước ch&acirc;n v&agrave;o c&aacute;i bẫy đ&oacute; v&agrave; hưởng trọn tr&aacute;i ngọt từ Android. Đến khi Sun về tay Oracle th&igrave; c&aacute;i bẫy mới hiện h&igrave;nh.</p>\r\n\r\n<p>Cụ thể hơn, Oracle cho rằng Google đ&atilde; vi phạm quyền sở hữu tr&iacute; tuệ của h&atilde;ng n&agrave;y khi copy lại c&aacute;c API c&oacute; bản quyền tr&ecirc;n Java. Bạn c&oacute; thể&nbsp;<a href=\"http://genk.vn/kham-pha/giai-ngo-ve-api-vi-sao-noi-api-co-y-nghia-song-con-voi-ca-the-gioi-dien-toan-20160403144419703.chn\" target=\"_blank\" title=\"tìm hiểu sâu về API tại đây\">t&igrave;m hiểu s&acirc;u về API tại đ&acirc;y</a>, nhưng n&oacute;i n&ocirc;m na th&igrave; API l&agrave; c&aacute;c khớp nối để mỗi phần mềm c&oacute; thể giao tiếp, tận dụng lại t&iacute;nh năng của một phần mềm kh&aacute;c. Oracle kh&ocirc;ng khởi kiện v&igrave; Google đ&atilde; copy lại&nbsp;<em>nội dung</em>&nbsp;m&atilde; nguồn của Oracle, m&agrave; bởi Google đ&atilde; sao ch&eacute;p lại&nbsp;<em>cấu tr&uacute;c</em>&nbsp;tương t&aacute;c m&agrave; Oracle đ&atilde; quy định cho c&aacute;c thư viện cốt l&otilde;i của Java.</p>\r\n\r\n<p>Phần lớn ng&agrave;nh c&ocirc;ng nghiệp phần mềm đều bất đồng s&acirc;u sắc với quan điểm của Oracle. Theo họ, API l&agrave; sản phẩm tr&iacute; tuệ&nbsp;<em>kh&ocirc;ng thể được đăng k&yacute; bản quyền</em>. Nhưng Oracle kh&ocirc;ng hẳn l&agrave; v&ocirc; l&yacute;, v&agrave; một t&ograve;a ph&uacute;c thẩm đ&atilde; từng tuy&ecirc;n phần thắng về ph&iacute;a h&atilde;ng n&agrave;y. Mới gần đ&acirc;y nhất, cha đẻ của Android l&agrave; Andy Rubin đ&atilde; bị lộ một email với nội dung rằng&nbsp;<a href=\"http://genk.vn/cha-de-android-vua-de-lo-mot-email-co-the-khien-google-mat-9-ty-usd-20160513124855102.chn\" target=\"_blank\" title=\"các API có thể được đăng ký bản quyền\">c&aacute;c API Java c&oacute; thể được đăng k&yacute; bản quyền</a>, v&agrave; Google c&oacute; thể đ&atilde; cố t&igrave;nh vi phạm quyền sở hữu của Oracle khi sử dụng lại c&aacute;c API của Java.</p>\r\n\r\n<p>Nếu Oracle thắng kiện, thế giới phần mềm n&oacute;i ri&ecirc;ng v&agrave; to&agrave;n bộ ng&agrave;nh c&ocirc;ng nghệ cao n&oacute;i chung sẽ trở n&ecirc;n hỗn loạn. API l&agrave; khớp nối của tất cả c&aacute;c phần mềm, n&ecirc;n nếu API l&agrave; cơ sở để khởi kiện th&igrave; chắc chắn chẳng c&oacute; một c&ocirc;ng ty phần mềm n&agrave;o kh&ocirc;ng thể trở th&agrave;nh nguy&ecirc;n đơn hay bị đơn cả.</p>\r\n', '2017-09-08 14:14:38', 'hinhanh1.jpg', 4, 0, 0, 1, 3),
(22, 'Java Core – Bài 2: Tạo project mới và làm quen với Eclipse', '<h2>Lần đầu l&agrave;m &ldquo;chuyện ấy&rdquo; với Eclipse</h2>\r\n', '<p>Khi đ&atilde; download v&agrave; c&agrave;i đặt Eclipse, bạn mở Eclipse l&ecirc;n. Ở lần đầu ti&ecirc;n, bạn sẽ phải chọn&nbsp;<strong>workspace</strong>&nbsp;cho Eclipse.&nbsp;<strong>Workspace l&agrave; g&igrave;?</strong>&nbsp;Đ&acirc;y thực chất l&agrave; nơi Eclipse lưu những file config, lưu c&aacute;c project, source code của bạn. Để chọn nơi lưu workspace, bạn chỉ cần nhấn &ldquo;<strong>Browser&hellip;</strong>&ldquo;, chọn đến thư mục bạn muốn v&agrave; nhấn &ldquo;<strong>OK</strong>&rdquo; để khởi động Eclipse. Nếu kh&ocirc;ng chọn th&igrave; sao? Eclipse sẽ tắt th&ocirc;i.</p>\r\n\r\n<p>Nếu qu&aacute; hấp tấp, bạn đ&atilde; lỡ chọn thư mục kh&ocirc;ng mong muốn để l&agrave;m workspace th&igrave; cũng kh&ocirc;ng sao cả. Eclipse cho ph&eacute;p bạn chọn lại thư mục workspace, hoặc chuyển đổi giữa c&aacute;c workspace kh&aacute;c nhau.</p>\r\n\r\n<p>To&agrave;n cảnh qu&aacute; tr&igrave;nh chọn lại nơi lưu workspace cho Eclipse được m&igrave;nh t&oacute;m gọn trong video b&ecirc;n dưới, xem qua để hiểu r&otilde; hơn bạn nh&eacute;.</p>\r\n\r\n<p>Sau khi mở Eclipse, bạn c&oacute; thể vọc qua những chức năng, c&aacute;c khu vực c&ocirc;ng cụ của Eclipse để c&oacute; thể thao t&aacute;c nhanh hơn khi học những b&agrave;i sau. Nếu chưa biết g&igrave; th&igrave; cũng kh&ocirc;ng sao, ở c&aacute;c b&agrave;i viết tiếp theo m&igrave;nh sẽ lồng gh&eacute;p hướng dẫn cho c&aacute;c bạn.</p>\r\n\r\n<h2>Tạo project mới</h2>\r\n\r\n<p>Để lập tr&igrave;nh với những đoạn m&atilde; Java, bạn sẽ phải l&agrave;m quen với kh&aacute;i niệm project.&nbsp;<strong>Project</strong>&nbsp;l&agrave; một dự &aacute;n được tạo ra dưới dạng thư mục, một project sẽ chứa nhiều file code m&agrave; những file code đ&oacute; c&oacute; thể li&ecirc;n kết với nhau hoặc chạy độc lập.</p>\r\n\r\n<p>Trước&nbsp;<a href=\"https://ngockhuong.com/series/java-core\">series học Java core</a>&nbsp;n&agrave;y, m&igrave;nh đ&atilde; viết một b&agrave;i&nbsp;<a href=\"https://ngockhuong.com/java/huong-dan-tao-java-project-trong-eclipse-ide.html\">hướng dẫn c&aacute;ch tạo Java Project tr&ecirc;n Eclipse</a>, bạn n&ecirc;n click v&agrave;o link tr&ecirc;n v&agrave; l&agrave;m theo trước khi đọc tiếp những đoạn hướng dẫn b&ecirc;n dưới nh&eacute;. Hoặc c&oacute; thể xem video hướng dẫn c&aacute;ch tạo project m&agrave; m&igrave;nh đ&atilde; quay trước đ&oacute;.&nbsp;</p>\r\n\r\n<h2>ạo class mới</h2>\r\n\r\n<p>Sau khi tạo xong project, bạn sẽ phải tạo ra c&aacute;c class để mới c&oacute; thể viết v&agrave; thực thi code Java. Như m&igrave;nh đ&atilde; giới thiệu trước đ&oacute;, Java l&agrave; ng&ocirc;n ngữ lập tr&igrave;nh hướng đối tượng, thứ l&agrave;m m&agrave; bạn phải tiếp x&uacute;c đầu ti&ecirc;n l&agrave; java class.</p>\r\n\r\n<p>C&oacute; thể trong những b&agrave;i đầu n&agrave;y, bạn chưa thể biết được class l&agrave; g&igrave;. Nhưng cứ tạo v&agrave; d&ugrave;ng thử đ&atilde; nh&eacute;, chuyện g&igrave; tới sẽ tới. Khi học đến vấn đề hướng đối tượng (OOP), bạn sẽ r&otilde; cả th&ocirc;i.</p>\r\n\r\n<p>Để tạo một class mới,&nbsp;<strong>click chuột phải v&agrave;o thư mục src</strong>&nbsp;trong Project&nbsp;<strong>&gt;</strong>&nbsp;<strong>New</strong>&nbsp;<strong>&gt;</strong>&nbsp;<strong>Class</strong></p>\r\n\r\n<p>Một cửa sổ hiện ra cho ph&eacute;p bạn nhập th&ocirc;ng tin của class cần tạo. Bạn h&atilde;y nhập t&ecirc;n class ở mục&nbsp;<strong>Name</strong>, t&iacute;ch v&agrave;o t&ugrave;y chọn&nbsp;<strong>public static void main(String[] args)</strong>&nbsp;để Eclipse gi&uacute;p bạn tạo sẵn lu&ocirc;n một phương thức&nbsp;<strong>main</strong>&nbsp;(phương thức n&agrave;y l&agrave; g&igrave;? Đọc tiếp sẽ biết nh&eacute;. C&ograve;n việc c&oacute; cần phải t&iacute;ch v&agrave;o t&ugrave;y chọn n&agrave;y kh&ocirc;ng? M&igrave;nh xin thưa! Đ&atilde; l&agrave; t&ugrave;y chọn th&igrave; sẽ kh&ocirc;ng bắt buộc)</p>\r\n\r\n<p>Bạn cứ việc thực hiện tương tự như những thao t&aacute;c m&agrave; m&igrave;nh đ&atilde; đ&aacute;nh dấu tr&ecirc;n ảnh v&agrave; xem kết quả&nbsp;</p>\r\n\r\n<p>Đến đ&acirc;y, một Tab mới sẽ xuất hiện tr&ecirc;n khu vực Editor của Eclipse. Đ&acirc;y sẽ l&agrave; nơi bạn code cho class m&agrave; bạn đ&atilde; tạo ra. Giống như m&igrave;nh, class&nbsp;<strong>HelloWorld</strong>&nbsp;m&agrave; m&igrave;nh đ&atilde; tạo đang sẵn s&agrave;ng chờ m&igrave;nh th&ecirc;m v&agrave;i d&ograve;ng lệnh nữa để bắt đầu chạy chương tr&igrave;nh. (&Yacute; nghĩa những đoạn code đơn giản trong class mới tạo n&agrave;y m&igrave;nh sẽ giải th&iacute;ch ở phần HelloWorld b&ecirc;n dưới nh&eacute;)</p>\r\n\r\n<p>Cuối c&ugrave;ng, nếu bạn muốn chạy chương tr&igrave;nh th&igrave;&nbsp;<strong>click chuột phải v&agrave;o v&ugrave;ng soạn thảo code &gt; Run As &gt; Java Application</strong>&nbsp;(Hoặc nhấn tổ hợp ph&iacute;m tắt&nbsp;<strong>Ctrl + F11</strong>). Tuy nhi&ecirc;n đừng bấm vội v&igrave; chương tr&igrave;nh của ch&uacute;ng ta chưa c&oacute; g&igrave; cả, đợi thực hiện xong v&agrave;i d&ograve;ng code HelloWorld b&ecirc;n dưới rồi h&atilde;y thưởng thức nh&eacute;.</p>\r\n\r\n<h2>HelloWorld</h2>\r\n\r\n<p>Đến đ&acirc;y chắc bạn rất h&aacute;o hức muốn code rồi phải kh&ocirc;ng nhỉ? Giờ bạn h&atilde;y c&ugrave;ng m&igrave;nh code một v&agrave;i d&ograve;ng để &ldquo;Ch&agrave;o thế giới&rdquo; nh&eacute;. (Học ng&ocirc;n ngữ n&agrave;o m&agrave; kh&ocirc;ng ch&agrave;o thế giới th&igrave; kh&ocirc;ng học nổi đ&acirc;u :v )</p>\r\n\r\n<p>M&igrave;nh đ&atilde; viết một b&agrave;i &ldquo;<a href=\"https://ngockhuong.com/java/helloworld-trong-java-xem-mot-lan-trong-doi-ban-nhe.html\">HelloWorld trong Java &ndash; xem một lần trong đời bạn nh&eacute;</a>&rdquo; trước khi viết b&agrave;i n&agrave;y, thế n&ecirc;n bạn sang link kia để đọc hiểu code, copy &amp; paste v&agrave;o class hiện tại v&agrave; chạy thử nh&eacute; (Ở b&agrave;i n&agrave;y bạn được ph&eacute;p copy &amp; paste thỏa m&aacute;i con g&agrave; trống). Tất cả c&aacute;c ch&uacute; th&iacute;ch về những đoạn code HelloWorld m&igrave;nh đ&atilde; viết đầy đủ b&ecirc;n kia. Thực hiện xong th&igrave; nhớ quay lại đ&acirc;y để đọc nốt phần c&ograve;n lại bạn nh&eacute;&nbsp;</p>\r\n\r\n<h2>Tổng kết</h2>\r\n\r\n<p>Tr&ecirc;n tinh thần th&igrave; b&agrave;i n&agrave;y m&igrave;nh kh&ocirc;ng hướng dẫn g&igrave; nhiều, chỉ giới thiệu những b&agrave;i viết đ&atilde; c&oacute; trước đ&oacute; để bạn tiện theo d&otilde;i. M&igrave;nh cũng kh&ocirc;ng muốn viết b&agrave;i n&agrave;y cho lắm v&igrave; sợ dư thừa, nhưng v&igrave; đ&atilde; l&agrave; một loạt b&agrave;i th&igrave; d&ugrave; d&agrave;i hay ngắn cũng phải c&oacute; để loạt b&agrave;i được đầy đủ hơn, những bạn mới sẽ dễ nắm bắt hơn.</p>\r\n\r\n<p>B&agrave;i sau ch&uacute;ng ta sẽ thẳng tiến với kiến thức về biến, hằng trong Java bạn nh&eacute;.</p>\r\n\r\n<p>Ch&uacute;c c&aacute;c bạn học tốt</p>\r\n', '2017-09-08 14:20:20', 'hinhanh1.jpg', 4, 0, 0, 1, 3),
(23, 'Java Core – Bài 1: Tổng quan về ngôn ngữ lập trình Java', '<h2>Java l&agrave; g&igrave;?</h2>\r\n', '<h2>Java l&agrave; g&igrave;?</h2>\r\n\r\n<p><strong>Java</strong>&nbsp;(đọc như &ldquo;Gia-va&rdquo;) l&agrave; một ng&ocirc;n ngữ lập tr&igrave;nh hướng đối tượng (OOP) v&agrave; dựa tr&ecirc;n c&aacute;c lớp (class). Kh&aacute;c với phần lớn ng&ocirc;n ngữ lập tr&igrave;nh th&ocirc;ng thường, thay v&igrave; bi&ecirc;n dịch m&atilde; nguồn th&agrave;nh m&atilde; m&aacute;y hoặc th&ocirc;ng dịch m&atilde; nguồn khi chạy, Java được thiết kế để bi&ecirc;n dịch m&atilde; nguồn th&agrave;nh&nbsp;<a href=\"https://vi.wikipedia.org/wiki/Bytecode\" rel=\"noopener\" target=\"_blank\">bytecode</a>, bytecode sau đ&oacute; sẽ được m&ocirc;i trường thực thi (runtime environment) chạy.</p>\r\n\r\n<h2>Java ra đời như thế n&agrave;o?</h2>\r\n\r\n<p>Java được khởi đầu bởi&nbsp;<a href=\"https://vi.wikipedia.org/wiki/James_Gosling\" rel=\"noopener\" target=\"_blank\">James Gosling</a>&nbsp;v&agrave; bạn đồng nghiệp ở&nbsp;<a href=\"https://vi.wikipedia.org/wiki/Sun_Microsystems\" rel=\"noopener\" target=\"_blank\">Sun Microsystems</a>&nbsp;năm 1991 (sau n&agrave;y&nbsp;<a href=\"https://vi.wikipedia.org/wiki/Oracle\" rel=\"noopener\" target=\"_blank\">Oracle</a>&nbsp;đ&atilde; mua lại Sun Microsystems năm 2010). Ban đầu ng&ocirc;n ngữ n&agrave;y được gọi l&agrave;&nbsp;<strong>Oak</strong>&nbsp;(c&oacute; nghĩa l&agrave; c&acirc;y sồi; do b&ecirc;n ngo&agrave;i cơ quan của &ocirc;ng Gosling c&oacute; trồng nhiều loại c&acirc;y n&agrave;y), v&agrave; được đổi t&ecirc;n th&agrave;nh&nbsp;<strong>Java</strong>&nbsp;v&agrave;o năm 1995.</p>\r\n\r\n<h2>C&aacute;c phi&ecirc;n bản Java đ&atilde; ph&aacute;t h&agrave;nh</h2>\r\n\r\n<p>&ndash;&nbsp;<strong>JDK 1.0</strong>&nbsp;(ph&aacute;t h&agrave;nh 23/01/1996)</p>\r\n\r\n<p>&ndash;&nbsp;<strong>JDK 1.1</strong>&nbsp;(19/02/1997)</p>\r\n\r\n<ul>\r\n	<li>JDK 1.1.5 (Pumpkin): 03/12/1997</li>\r\n	<li>JDK 1.1.6 (Abigail): 24/04/1998</li>\r\n	<li>JDK 1.1.7 (Brutus): 28/09/1998</li>\r\n	<li>JDK 1.1.8 (Chelsea): 08/04/1999</li>\r\n</ul>\r\n\r\n<p>&ndash;&nbsp;<strong>J2SE 1.2</strong>&nbsp;(Playground): 08/12/1998</p>\r\n\r\n<ul>\r\n	<li>J2SE 1.2.1 (kh&ocirc;ng c&oacute; t&ecirc;n, chắc l&agrave; t&ecirc;n trước đ&oacute;): 30/03/1999</li>\r\n	<li>J2SE 1.2.2 (Cricket): 08/07/1999</li>\r\n</ul>\r\n\r\n<p>&ndash;&nbsp;<strong>J2SE 1.3</strong>&nbsp;(Kestrel): 08/05/2000</p>\r\n\r\n<ul>\r\n	<li>J2SE 1.3.1 (Ladybird): 17/05/2001</li>\r\n</ul>\r\n\r\n<p>&ndash;&nbsp;<strong>J2SE 1.4</strong>&nbsp;(Merlin): 06/02/2002</p>\r\n\r\n<ul>\r\n	<li>J2SE 1.4.1 (Hopper): 16/09/2002</li>\r\n	<li>J2SE 1.4.2 (Mantis): 26/06/2003</li>\r\n</ul>\r\n\r\n<p>&ndash;&nbsp;<strong>J2SE 5</strong>&nbsp;(1.5.0) (Tiger): 30/09/2004</p>\r\n\r\n<p>&ndash;&nbsp;<strong>Java SE 6</strong>&nbsp;(Mustang), được c&ocirc;ng bố ng&agrave;y 11/12/2006. C&aacute;c bản cập nhật 2 v&agrave; 3 được đưa ra v&agrave;o năm 2007, bản cập nhật 4 được đưa ra th&aacute;ng 01/2008.</p>\r\n\r\n<p>&ndash;&nbsp;<strong>JDK 6.18</strong>&nbsp;(ph&aacute;t h&agrave;nh 2010)</p>\r\n\r\n<p>&ndash;&nbsp;<strong>Java SE 7</strong>&nbsp;(c&ograve;n gọi l&agrave; Dolphin), được bắt đầu từ 08/2006 v&agrave; c&ocirc;ng bố 28/07/2011.</p>\r\n\r\n<p>&ndash;&nbsp;<strong>JDK 8</strong>&nbsp;(ph&aacute;t h&agrave;nh 18/03/2014)</p>\r\n\r\n<p>Phi&ecirc;n bản dự kiến tiếp theo l&agrave; Java 9</p>\r\n\r\n<p>(Nguồn ch&iacute;nh chủ từ wikepedia c&aacute;c bạn nh&eacute;)</p>\r\n\r\n<h2>C&aacute;c đặc điểm ch&iacute;nh của Java</h2>\r\n\r\n<p>Như đ&atilde; giới thiệu,&nbsp;<a href=\"https://ngockhuong.com/java\" rel=\"noopener\" target=\"_blank\">Java</a>&nbsp;l&agrave;&nbsp;<strong>ng&ocirc;n ngữ lập tr&igrave;nh hướng đối tượng</strong>, do đ&oacute; khi lập tr&igrave;nh với ng&ocirc;n ngữ n&agrave;y bạn sẽ phải l&agrave;m việc với c&aacute;c lớp (class).&nbsp;<strong>C&uacute; ph&aacute;p của Java</strong>&nbsp;được vay mượn nhiều từ C/C++ nhưng lại c&oacute; đặc t&iacute;nh hướng đối tượng&nbsp;<strong>đơn giản</strong>&nbsp;hơn v&agrave; &iacute;t t&iacute;nh năng xử l&yacute; cấp thấp hơn n&ecirc;n việc tiếp cận Java sẽ dễ d&agrave;ng hơn C/C++.</p>\r\n\r\n<p>Java được tạo ra với ti&ecirc;u ch&iacute;&nbsp;<strong>&ldquo;Write Once, Run Anywhere&rdquo;</strong>&nbsp;(viết một lần, chạy mọi nơi). Nghĩa l&agrave; c&aacute;c chương tr&igrave;nh được viết bằng ng&ocirc;n ngữ lập tr&igrave;nh Java chỉ cần&nbsp;<strong>viết một lần v&agrave; chạy được tr&ecirc;n mọi nền tảng</strong>&nbsp;(platform) kh&aacute;c nhau. Để l&agrave;m được điều n&agrave;y, Java đưa ra kh&aacute;i niệm m&aacute;y ảo&nbsp;<strong>JVM (Java Virtual Machine)</strong>.&nbsp;Khi bạn bi&ecirc;n dịch một chương tr&igrave;nh, thay v&igrave; m&atilde; nguồn sẽ được dịch trực tiếp sang m&atilde; m&aacute;y như nhiều ng&ocirc;n ngữ kh&aacute;c, th&igrave; với Java m&atilde; nguồn sẽ được dịch th&agrave;nh m&atilde; bytecode. Sau đ&oacute;, m&aacute;y ảo JVM đ&atilde; được c&agrave;i đặt tr&ecirc;n c&aacute;c thiết bị sẽ dịch tiếp m&atilde; bytecode sang m&atilde; m&aacute;y để m&aacute;y t&iacute;nh c&oacute; thể hiểu v&agrave; chạy được. Qu&aacute; tr&igrave;nh bi&ecirc;n dịch v&agrave; chạy chương tr&igrave;nh được m&ocirc; tả ngắn gọn bằng sơ đồ b&ecirc;n&nbsp;</p>\r\n\r\n<h4>Java l&agrave; ng&ocirc;n ngữ mạnh mẽ</h4>\r\n\r\n<p>Đ&acirc;y l&agrave; đặc điểm nổi bật của ng&ocirc;n ngữ lập tr&igrave;nh Java. T&iacute;nh mạnh mẽ của n&oacute; phải kể đến đầu ti&ecirc;n l&agrave; việc cung cấp h&agrave;ng t&aacute; h&agrave;m, phương thức d&ugrave;ng sẵn (API function) rất phong ph&uacute;. Java c&oacute;&nbsp;<strong>bộ dọn r&aacute;c (Garbage Collection)</strong>&nbsp;si&ecirc;u việt gi&uacute;p tự động dọn dẹp c&aacute;c đối tượng đ&atilde; qua sử dụng để giải ph&oacute;ng bộ nhớ, m&agrave; với c&aacute;c ng&ocirc;n ngữ kh&aacute;c, lập tr&igrave;nh vi&ecirc;n phải thực hiện việc giải ph&oacute;ng n&agrave;y một c&aacute;ch thủ cộng. Java cũng hỗ trợ đa nhiệm (Multithread) cực tốt. V&agrave; c&ograve;n nhiều thứ kh&aacute;c nữa đang chờ ch&uacute;ng ta kh&aacute;m ph&aacute; trong c&aacute;c b&agrave;i viết tiếp theo.</p>\r\n\r\n<h2>M&ocirc;i trường &amp; c&ocirc;ng cụ ph&aacute;t triển phần mềm</h2>\r\n\r\n<p>Để bắt đầu nhập m&ocirc;n lập tr&igrave;nh Java Core, bạn cần phải chuẩn bị m&ocirc;i trường v&agrave; một số c&ocirc;ng cụ lập tr&igrave;nh được giới thiệu b&ecirc;n dưới.</p>\r\n\r\n<h4>1. Hệ điều h&agrave;nh</h4>\r\n\r\n<p>Java hỗ trợ đa nền tảng n&ecirc;n d&ugrave; bạn đang d&ugrave;ng Windows, Mac hay Linux th&igrave; đều được cung cấp trọn bộ c&ocirc;ng cụ để bạn lập tr&igrave;nh tr&ecirc;n đ&oacute;.</p>\r\n\r\n<h4>2. Java Development Kit (JDK)</h4>\r\n\r\n<p>Đ&acirc;y l&agrave; bộ c&ocirc;ng cụ gồm m&ocirc;i trường lập tr&igrave;nh, ph&aacute;t triển ứng dụng bằng ng&ocirc;n ngữ Java, c&oacute; cả bộ bi&ecirc;n dịch, thực thi chương tr&igrave;nh.</p>\r\n\r\n<p>Bạn c&oacute; thể c&agrave;i đặt theo hướng dẫn tại mục&nbsp;<strong>C&agrave;i đặt m&ocirc;i trường lập tr&igrave;nh Java &ndash; JDK (Java Development Kit)</strong>&nbsp;trong b&agrave;i viết&nbsp;<a href=\"https://ngockhuong.com/java/cai-dat-moi-truong-jdk-java-development-kit-va-cac-cong-cu-de-lap-trinh-web-voi-java.html\">C&agrave;i đặt m&ocirc;i trường JDK (Java Development Kit) v&agrave; c&aacute;c c&ocirc;ng cụ để lập tr&igrave;nh web với Java</a>&nbsp;m&agrave; m&igrave;nh đ&atilde; viết trước đ&oacute;. Hoặc c&oacute; thể xem qua video hướng dẫn c&agrave;i đặt b&ecirc;n dưới.</p>\r\n\r\n<h4>3. C&ocirc;ng cụ lập tr&igrave;nh (IDE)</h4>\r\n\r\n<p>Để lập tr&igrave;nh Java, bạn c&oacute; thể sử dụng bất kỳ c&ocirc;ng cụ hỗ trợ text chẳng hạn như Notepad, Notepad++,&hellip;Tuy nhi&ecirc;n, viết code xong l&agrave; một vấn đề, bi&ecirc;n dịch l&agrave; vấn đề lớn hơn v&agrave; sửa lỗi, t&igrave;m lỗi l&agrave; vấn đề nhức nhối.</p>\r\n\r\n<p>Thế n&ecirc;n, bạn cần sử dụng những IDE hiện đại hỗ trợ ri&ecirc;ng cho việc lập tr&igrave;nh Java như Netbean, Eclipse,&hellip;</p>\r\n\r\n<p>Netbean l&agrave; một IDE m&atilde; nguồn mở, miễn ph&iacute;, mạnh mẽ. Bạn c&oacute; thể download về tại địa chỉ&nbsp;<a href=\"https://netbeans.org/\" rel=\"noopener\" target=\"_blank\">https://netbeans.org/</a></p>\r\n\r\n<p><strong>Eclipse</strong></p>\r\n\r\n<p>Eclipse cũng l&agrave; một IDE m&atilde; nguồn mở, phổ biến v&agrave; mạnh mẽ kh&ocirc;ng k&eacute;m Netbean. Eclipse được rất nhiều lập tr&igrave;nh vi&ecirc;n, c&ocirc;ng ty phần mềm sử dụng n&ecirc;n m&igrave;nh khuy&ecirc;n c&aacute;c bạn cũng d&ugrave;ng Eclipse đi nh&eacute;. Chi tiết download v&agrave; c&agrave;i đặt bạn xem video n&agrave;y nh&eacute;. (Link download:&nbsp;<a href=\"http://www.eclipse.org/downloads/\" rel=\"noopener\" target=\"_blank\">http://www.eclipse.org/downloads/</a>)</p>\r\n\r\n<p>Như vậy bạn vừa l&agrave;m quen với ng&ocirc;n ngữ lập tr&igrave;nh Java, nắm được c&aacute;c đặc điểm ch&iacute;nh của n&oacute;. Đồng thời cũng đ&atilde; c&agrave;i đặt xong m&ocirc;i trường v&agrave; c&aacute;c c&ocirc;ng cụ để lập tr&igrave;nh. Vậy b&agrave;i sau ch&uacute;ng ta sẽ bắt đầu lập tr&igrave;nh Java lu&ocirc;n nh&eacute;, cụ thể c&aacute;c bạn sẽ được hướng dẫn&nbsp;<a href=\"https://ngockhuong.com/java/java-core/java-core-bai-2-tao-project-moi-va-lam-quen-voi-eclipse.html\">c&aacute;ch tạo project Java v&agrave; l&agrave;m quen với Eclipse</a>. Thẳng tiến n&agrave;o!</p>\r\n\r\n<p>&nbsp;</p>\r\n', '2017-09-08 14:21:53', 'hinhanh1.jpg', 4, 0, 0, 1, 3),
(24, 'Lỗi Tomcat: Several ports (8005, 8080, 8009) required by Tomcat Server at localhost are already in use', '<p>&ldquo;<strong>Several ports (8005, 8080, 8009) required by Tomcat Server at localhost are already in use</strong>&rdquo;&nbsp;l&agrave; đoạn đầu của th&ocirc;ng b&aacute;o lỗi từ server Tomcat.</p>\r\n', '<p>Nguy&ecirc;n văn của n&oacute; thế n&agrave;y: &ldquo;Several ports (8005, 8080, 8009) required by Tomcat v8.5 Server at localhost are already in use. The server may already be running in another process, or a system process may be using the port. To start this server you will need to stop the other process or change the port number(s).&rdquo;. (v8.5 l&agrave; version Tomcat, của c&aacute;c bạn c&oacute; thể l&agrave; v7.0, v8.0 hay v9.0 tuỳ theo version đang d&ugrave;ng).</p>\r\n\r\n<h2>Vậy em n&oacute; từ &ldquo;V&igrave; Sao&rdquo; n&agrave;o đến?</h2>\r\n\r\n<p>Khi gặp lỗi n&agrave;y tức l&agrave; server đang nhắc với bạn rằng c&oacute; một c&aacute;i g&igrave; đ&oacute; đang chạy v&agrave; d&agrave;nh lấy cổng&nbsp;<strong>8005</strong>,&nbsp;<strong>8080</strong>&nbsp;hoặc&nbsp;<strong>8009</strong>&nbsp;của n&oacute; mất rồi. N&oacute; y&ecirc;u cầu bạn phải kiểm tra những tiến tr&igrave;nh n&agrave;o đang chạy th&igrave; buộc dừng lại để cho n&oacute; ho&agrave;n th&agrave;nh tiếp nhiệm vụ.</p>\r\n\r\n<p>Th&ocirc;ng thường th&igrave; c&oacute; &iacute;t phần mềm chạy tr&ecirc;n cổng 8005, 8080, 8009 nhưng kh&ocirc;ng phải l&agrave; kh&ocirc;ng c&oacute;. Khi c&oacute; lỗi xảy ra, bạn thử kiểm tra trong m&aacute;y t&iacute;nh c&oacute; phần mềm n&agrave;o đ&aacute;ng nghi ngờ đang chạy tr&ecirc;n c&aacute;c cổng đ&oacute; kh&ocirc;ng. Nếu c&oacute; th&igrave; tắt những chương tr&igrave;nh đ&oacute; đi. (Nếu phần mềm đ&oacute; thật sự quan trọng, lu&ocirc;n muốn chạy th&igrave; bắt buộc phải đổi lại port cho tomcat, nhưng điều n&agrave;y l&agrave; kh&ocirc;ng khuyến kh&iacute;ch).</p>\r\n\r\n<h2>Nguy&ecirc;n nh&acirc;n thường gặp đến từ ch&iacute;nh server Tomcat</h2>\r\n\r\n<p>Lỗi n&agrave;y hay gặp nhất l&agrave; từ server Tomcat m&agrave; ra. C&oacute; rất nhiều nguy&ecirc;n nh&acirc;n nhỏ xung quanh server của bạn: C&oacute; thể l&agrave; do server lỗi, m&agrave; cũng c&oacute; thể l&agrave; do bạn chạy nhầm.</p>\r\n\r\n<h4>1. Lỗi do server</h4>\r\n\r\n<p>Khi server đang tỏ ra &igrave; ạch, chậm chạp, bạn run project lần thứ nhất.</p>\r\n\r\n<p>Chưa thấy động tĩnh g&igrave;, bạn tiếp tục run project lần thứ hai.</p>\r\n\r\n<p>V&agrave; cứ như thế, c&oacute; thể bạn đ&atilde; run cả chục lần.</p>\r\n\r\n<p>Thế l&agrave; server chạy lần n&agrave;y, chạy lần kh&aacute;c, li&ecirc;n tiếp. Lần đầu khi chạy tomcat sẽ d&ugrave;ng c&aacute;c port 8005, 8080, 8009, những lần sau server sẽ kh&ocirc;ng d&ugrave;ng được nữa v&igrave; lần chạy trước vẫn đang d&ugrave;ng m&agrave; chưa dừng lại. Thế l&agrave; lỗi rồi đ&oacute;.</p>\r\n\r\n<h4>2. Lỗi do bạn chạy nhầm server</h4>\r\n\r\n<p>Nhầm server l&agrave; thế n&agrave;o?</p>\r\n\r\n<p>Nếu IDE (Eclipse,&hellip;) của bạn c&agrave;i nhiều server Tomcat với c&aacute;c version kh&aacute;c nhau. Bạn sẽ rất dễ gặp trường hợp n&agrave;y.</p>\r\n\r\n<p>L&uacute;c đầu bạn chạy project tr&ecirc;n Tomcat v7.0 Server nhưng l&uacute;c sau lại chạy tr&ecirc;n Tomcat v8.5 (hoặc v8.0, v9.0,&hellip;) trong khi server trước vẫn chưa được stop th&igrave; gặp lỗi tr&ecirc;n l&agrave; điều kh&ocirc;ng thể tr&aacute;nh.</p>\r\n\r\n<h2>C&aacute;ch khắc phục lỗi</h2>\r\n\r\n<p>Trước ti&ecirc;n l&agrave; nguy&ecirc;n l&yacute;:</p>\r\n\r\n<p>&ndash; Đối với&nbsp;trường hợp lỡ c&oacute; những chương tr&igrave;nh kh&aacute;c chạy tr&ecirc;n port 8005, 8080, 8009 th&igrave; bạn t&igrave;m c&aacute;ch tắt ch&uacute;ng n&oacute; đi.</p>\r\n\r\n<p>&ndash; Đối với trường hợp nguy&ecirc;n nh&acirc;n ch&iacute;nh đến từ server Tomcat: Bạn t&igrave;m đến chương tr&igrave;nh tomcat đang chạy tr&ecirc;n m&aacute;y v&agrave; tắt đi. Thường th&igrave; 2 tiến tr&igrave;nh c&oacute; t&ecirc;n&nbsp;<strong>java</strong>&nbsp;hoặc&nbsp;<strong>javaw</strong>&nbsp;sẽ chạy nếu đ&atilde; c&oacute; tomcat chạy trước đ&oacute;. T&igrave;m v&agrave; tắt c&aacute;c tiến tr&igrave;nh đ&oacute; đi.</p>\r\n\r\n<p>=&gt; Hiểu nguy&ecirc;n l&yacute; để c&aacute;c bạn c&oacute; thể xử l&yacute; lỗi tr&ecirc;n c&aacute;c nền tảng như MacOS, Windows v&agrave; cả Linux.</p>\r\n\r\n<h4>C&aacute;ch xử l&yacute; lỗi tr&ecirc;n Windows (Linux v&agrave; Mac bạn l&agrave;m tương tự nh&eacute;)</h4>\r\n\r\n<p>+ T&igrave;m đến&nbsp;<strong>Task Manager</strong>&nbsp;(Click chuột phải v&agrave;o thanh Taskbar chọn Task Manager)</p>\r\n\r\n<p>+ Ở tab&nbsp;<strong>Processes</strong>&nbsp;bạn t&igrave;m chương tr&igrave;nh n&agrave;o c&oacute; t&ecirc;n &ldquo;<strong>Java(TM) Platform SE binary</strong>&rdquo; hoặc một chương tr&igrave;nh n&agrave;o đ&oacute; c&oacute; t&ecirc;n&nbsp;<strong>java</strong>. (Để chắc chắn l&agrave; n&oacute;, click chuột phải v&agrave;o t&ecirc;n chương tr&igrave;nh đ&oacute; trong processes, chọn properties, ở tab General, bạn nh&igrave;n thấy&nbsp;<strong>javaw.exe</strong>&nbsp;l&agrave; đ&uacute;ng nh&eacute;)</p>\r\n\r\n<p>+ Cuối c&ugrave;ng, click n&uacute;t&nbsp;<strong>End task</strong>&nbsp;để ti&ecirc;u diệt n&oacute; ngay v&agrave; lu&ocirc;n.</p>\r\n\r\n<p>Đến đ&acirc;y xem như ho&agrave;n tất, nếu chưa được nữa th&igrave; tắt IDE (Eclipse,&hellip;) rồi bật lại bạn nh&eacute;. (Đảm bảo sau bước n&agrave;y th&agrave;nh c&ocirc;ng 1000%)</p>\r\n\r\n<p>Như vậy, m&igrave;nh đ&atilde; ho&agrave;n th&agrave;nh b&agrave;i viết thứ 4 trong loạt b&agrave;i &ldquo;<a href=\"https://ngockhuong.com/java/tong-hop-loi-server-tomcat-thuong-gap-va-cach-khac-phuc.html\"><strong>Tổng hợp lỗi Server Tomcat thường gặp v&agrave; c&aacute;ch khắc phục</strong></a>&ldquo;. Nếu c&oacute; thắc mắc hay g&oacute;p &yacute; th&ecirc;m về lỗi n&agrave;y, c&aacute;c bạn vui l&ograve;ng comment b&ecirc;n dưới để c&ugrave;ng trao đổi nh&eacute;.</p>\r\n', '2017-09-08 14:23:06', 'hinhanh1.jpg', 4, 0, 0, 1, 3),
(25, 'Lỗi Tomcat: Servlet mapping specifies an unknown servlet name', '<p>Tiếp tục với loạt b&agrave;i &ldquo;<a href=\"https://ngockhuong.com/java/tong-hop-loi-server-tomcat-thuong-gap-va-cach-khac-phuc.html\"><strong>Tổng hợp lỗi Server Tomcat thường gặp v&agrave; c&aacute;ch khắc phục</strong></a>&ldquo;, h&ocirc;m nay m&igrave;nh sẽ ph&acirc;n t&iacute;ch v&agrave; hướng dẫn khắc phục một lỗi kh&ocirc;ng hề mới &ldquo;<code>Servlet mapping specifies an unknown servlet name</code>&rdquo;</p>\r\n', '<p><strong>Đ&acirc;y l&agrave; c&aacute;i lỗi qu&aacute;i g&igrave; thế?</strong></p>\r\n\r\n<p>M&igrave;nh cũng chả biết gọi n&oacute; với c&aacute;i t&ecirc;n l&agrave; g&igrave; nhưng khi gặp lỗi, server&nbsp;<strong>Tomcat</strong>&nbsp;sẽ lập tức stop đồng thời mọc l&ecirc;n hộp thoại huyền thoại.</p>\r\n\r\n<p>Chắc hẳn c&aacute;c bạn kh&ocirc;ng xa lạ g&igrave; với hộp thoại n&agrave;y nhỉ&nbsp;</p>\r\n\r\n<p>Đối với những bạn mới v&agrave;o nghề c&oacute; vẻ c&ograve;n hơi l&uacute;ng t&uacute;ng, cuống cuồng hơn cả lần đầu l&agrave;m chuyện ấy (lần đầu code java web &yacute; nh&aacute;). Nhưng cứ y&ecirc;n t&acirc;m, trấn an con tim v&agrave;i gi&acirc;y v&agrave; bắt đầu click chuột v&agrave;o tab&nbsp;<strong>console</strong>&nbsp;xem thử c&oacute; g&igrave; kh&ocirc;ng nh&eacute; (tab console l&agrave; g&igrave;? Chưa biết th&igrave; comment b&ecirc;n dưới m&igrave;nh hướng dẫn nh&eacute; :v ).</p>\r\n\r\n<p>Một mớ hỗn độn từ console. Ch&uacute;ng ta khoan h&atilde;y b&agrave;n tới đ&oacute; l&agrave; những th&ocirc;ng b&aacute;o g&igrave;. Cứ từ từ, đừng n&ocirc;n n&oacute;ng. Tới đ&acirc;y m&igrave;nh chỉ khuy&ecirc;n c&aacute;c bạn khi gặp lỗi server Tomcat c&oacute; hiện l&ecirc;n hộp thoại như tr&ecirc;n &ldquo;<strong>Server Tomcat vx.x server at localhost failed to start</strong>&rdquo; th&igrave; nhanh ch&oacute;ng đọc c&aacute;c th&ocirc;ng b&aacute;o lỗi từ console nh&eacute;.</p>\r\n\r\n<h2>Đọc th&ocirc;ng b&aacute;o lỗi từ console</h2>\r\n\r\n<p>B&ecirc;n tr&ecirc;n l&agrave; những th&ocirc;ng b&aacute;o m&agrave; server trả về tr&ecirc;n m&agrave;n h&igrave;nh console khi c&oacute; lỗi xảy ra, hỗn độn đến nỗi hoa cả mắt. Bạn h&atilde;y đọc từ tr&ecirc;n c&ugrave;ng đến hết th&ocirc;ng b&aacute;o, t&igrave;m đoạn n&agrave;o quen thuộc nhất với m&igrave;nh, chẳng hạn từ&nbsp;<strong>ADuController</strong>&nbsp;rất quen thuộc m&agrave; m&igrave;nh t&igrave;m thấy trong đống chữ đỏ lo&egrave; ở console. K&egrave;m theo n&oacute; l&agrave; d&ograve;ng th&ocirc;ng b&aacute;o &ldquo;<strong>Servlet mapping specifies an unknown servlet name&nbsp;ADuController</strong>&ldquo;.</p>\r\n\r\n<h2>Ph&acirc;n t&iacute;ch lỗi</h2>\r\n\r\n<p>Bạn đ&atilde; t&igrave;m ra d&ograve;ng th&ocirc;ng b&aacute;o lỗi &ldquo;<strong>Servlet mapping specifies an unknown servlet name&hellip;</strong>&ldquo;. Vậy n&oacute; l&agrave; lỗi g&igrave;? Nguy&ecirc;n nh&acirc;n do đ&acirc;u g&acirc;y ra.</p>\r\n\r\n<p><strong>Giải đ&aacute;p:</strong>&nbsp;&ldquo;<strong>Servlet mapping specifies an unknown servlet name ADuController</strong>&rdquo; được server trả về khi n&oacute; kh&ocirc;ng t&igrave;m thấy servlet name n&agrave;o c&oacute; t&ecirc;n&nbsp;<code>ADuController</code>. Khi config&nbsp;<strong>web.xml</strong>&nbsp;để mapping một url pattern cho một servlet n&agrave;o đ&oacute;, bạn sẽ d&ugrave;ng cặp thẻ&nbsp;&lt;servlet-name&gt;&hellip;&lt;/servlet-name&gt;&nbsp;trong cả 2 cặp thẻ cha l&agrave;&nbsp;&lt;servlet&gt;&hellip;&lt;/servlet&gt;&nbsp;v&agrave;&nbsp;&lt;servlet-mapping&gt;&hellip;&lt;/servlet-mapping&gt;</p>\r\n\r\n<h2>Khắc phục lỗi</h2>\r\n\r\n<p>Như đ&atilde; ph&acirc;n t&iacute;ch, bạn chỉ cần config lại nội dung trong cặp thẻ servlet-name giống nhau ở cả 2 cặp thẻ serlvet v&agrave; servlet-mapping l&agrave; đ&atilde; fix xong lỗi rồi đ&oacute;.</p>\r\n\r\n<table>\r\n	<tbody>\r\n		<tr>\r\n			<td>\r\n			<p>1</p>\r\n\r\n			<p>2</p>\r\n\r\n			<p>3</p>\r\n\r\n			<p>4</p>\r\n\r\n			<p>5</p>\r\n\r\n			<p>6</p>\r\n\r\n			<p>7</p>\r\n\r\n			<p>8</p>\r\n			</td>\r\n			<td>\r\n			<p>&lt;servlet&gt;</p>\r\n\r\n			<p>&nbsp;&nbsp;&nbsp;&nbsp;&lt;servlet-name&gt;ADuController&lt;/servlet-name&gt;</p>\r\n\r\n			<p>&nbsp;&nbsp;&nbsp;&nbsp;&lt;servlet-class&gt;ADuController&lt;/servlet-class&gt;</p>\r\n\r\n			<p>&lt;/servlet&gt;</p>\r\n\r\n			<p>&lt;servlet-mapping&gt;</p>\r\n\r\n			<p>&nbsp;&nbsp;&nbsp;&nbsp;&lt;servlet-name&gt;ADuController&lt;/servlet-name&gt;</p>\r\n\r\n			<p>&nbsp;&nbsp;&nbsp;&nbsp;&lt;url-pattern&gt;/a-du&lt;/url-pattern&gt;</p>\r\n\r\n			<p>&lt;/servlet-mapping&gt;</p>\r\n			</td>\r\n		</tr>\r\n	</tbody>\r\n</table>\r\n\r\n<p>Cuối c&ugrave;ng, m&igrave;nh c&oacute; v&agrave;i lời t&acirc;m t&igrave;nh nhỏ d&agrave;nh cho c&aacute;c bạn trước khi dứt điểm b&agrave;i n&agrave;y:</p>\r\n\r\n<ol>\r\n	<li><strong>Đừng tỏ ra qu&aacute; nguy hiểm khi mapping:</strong>&nbsp;Đặt nội dung thẻ servlet-name giống với t&ecirc;n class trong thẻ servlet-class cho khoẻ.</li>\r\n	<li><strong>Đừng tỏ vẻ bay bướm chim chuột:</strong>&nbsp;Nếu lỡ đặt nội dung servlet-name kh&aacute;c với servlet-class th&igrave; đừng c&oacute; văn chương vẽ vời l&agrave;m g&igrave; trong phần config. V&iacute; dụ: &lt;servlet-name&gt;Mapping cho servlet ADuController Ahihi&lt;/servlet-name&gt;</li>\r\n</ol>\r\n\r\n<p>Dứt điểm b&agrave;i n&agrave;y, mong được c&aacute;c bạn g&oacute;p &yacute; nhiệt t&igrave;nh để những b&agrave;i sau trong loạt b&agrave;i c&oacute; &yacute; nghĩa hơn&nbsp;</p>\r\n', '2017-09-08 14:24:33', 'hinhanh1.jpg', 4, 0, 0, 1, 3),
(26, 'Tổng hợp lỗi Server Tomcat thường gặp và cách khắc phục', '<h2>Vậy bạn biết Tomcat chứ?</h2>\r\n', '<p><a href=\"https://ngockhuong.com/java/huong-dan-cai-dat-va-cau-hinh-server-apache-tomcat-tren-eclipse.html\"><strong>Tomcat</strong>&nbsp;</a>(Apache Tomcat) l&agrave; một Java Servlet được ph&aacute;t triển bởi Apache Software Foundation (ASF).&nbsp;<strong>Tomcat</strong>&nbsp;thi h&agrave;nh c&aacute;c ứng dụng Java Servlet v&agrave; JavaServer Pages (JSP) từ Sun Microsystems v&agrave; cung cấp một m&aacute;y chủ HTTP cho ng&ocirc;n ngữ Java thuần t&uacute;y để thực thi c&aacute;c chương tr&igrave;nh lệnh viết bằng ng&ocirc;n ngữ Java. (anh wiki p&eacute; đia n&oacute;i vậy)</p>\r\n\r\n<p>(Ngo&agrave;i Tomcat th&igrave; c&ograve;n một số server nổi tiếng kh&aacute;c như Glassfish, JBoss, Wildfly, Jetty,&hellip;bạn c&oacute; thể hỏi anh gồ để biết th&ecirc;m chi tiết).</p>\r\n\r\n<p>Một khi đ&atilde; biết, đ&atilde; sử dụng Tomcat rồi th&igrave; chắc hẳn bạn kh&ocirc;ng c&ograve;n xa lạ g&igrave; với những d&ograve;ng th&ocirc;ng b&aacute;o lỗi k&eacute;m th&ocirc;ng tin như: &ldquo;<strong>Server tomcat&nbsp;v7.0&nbsp;server at localhost failed to start</strong>&ldquo;,&nbsp;&ldquo;<strong>Server tomcat&nbsp;v8.0&nbsp;server at localhost failed to start</strong>&ldquo;,&nbsp;&ldquo;<strong>Server tomcat&nbsp;v9.0&nbsp;server at localhost failed to start</strong>&rdquo; hay n&oacute; hiển thị đỏ lo&egrave; tr&ecirc;n console &ldquo;<strong>Failed to start component [StandardEngine[Catalina].StandardHost[localhost].StandardContext</strong>&ldquo;, &ldquo;<strong>A child container failed during start</strong>&ldquo;,&hellip; C&ograve;n nhiều lắm.</p>\r\n\r\n<p>Thế th&igrave; cho m&igrave;nh hỏi một c&acirc;u nh&eacute;: Bạn c&oacute; cảm thấy l&uacute;ng t&uacute;ng khi những lỗi đ&oacute; n&eacute;m ra trước mặt?</p>\r\n\r\n<p>Trong tutorial n&agrave;y, m&igrave;nh sẽ cố gắng gỡ rối cho c&aacute;c bạn nhiều nhất c&oacute; thể với c&aacute;c trường hợp lỗi Server Tomcat hay gặp, hiếm gặp v&agrave; c&aacute;ch khắc phục nh&eacute;. Nhớ l&agrave; chỉ xoay quanh vấn đề về lỗi v&agrave; c&aacute;ch khắc phục lỗi khi sử dụng&nbsp;<strong>Apache Tomcat</strong>&nbsp;th&ocirc;i (C&oacute; thể &aacute;p dụng để sửa lỗi tr&ecirc;n c&aacute;c server kh&aacute;c v&igrave; lỗi chỉ từ code m&agrave; ra).</p>\r\n', '2017-09-08 14:25:42', 'hinhanh1.jpg', 4, 0, 0, 1, 3);
INSERT INTO `news` (`id`, `name`, `preview`, `detail`, `date_create`, `picture`, `cat_id`, `is_slide`, `view`, `user_id`, `cat_parent`) VALUES
(27, 'Lỗi Etat HTTP 500 – Error instantiating servlet class – Lỗi khởi tạo class servlet', '<p>&nbsp;<a href=\"https://ngockhuong.com/java/thong-bao-loi-etat-http-404-trong-java-web-chuyen-gi-dang-xay-ra.html\">Th&ocirc;ng b&aacute;o lỗi Etat HTTP 404 trong Java Web &ndash; Chuyện g&igrave; đang xảy ra</a>.</p>\r\n', '<h2>500 l&agrave; lỗi g&igrave;?</h2>\r\n\r\n<p>Trước ti&ecirc;n, ch&uacute;ng ta cần biết&nbsp;500 l&agrave; m&atilde; lỗi g&igrave;, kh&aacute;c như thế n&agrave;o với 404 nh&eacute;.&nbsp;<strong>404</strong>&nbsp;l&agrave; lỗi kh&ocirc;ng t&igrave;m thấy, kh&ocirc;ng phải lỗi ho&agrave;n to&agrave;n của server, vậy&nbsp;<strong>500</strong>&nbsp;l&agrave; lỗi&nbsp;<strong>ho&agrave;n to&agrave;n do server</strong>. Khi server bị lỗi g&igrave; đ&oacute; (cũng do thằng lập tr&igrave;nh vi&ecirc;n code sai th&ocirc;i) th&igrave; lập tức m&atilde; lỗi 500 sẽ trả về cho người d&ugrave;ng. M&agrave; cụ thể trong Java Web sẽ l&agrave;&nbsp;<strong>Etat HTTP 500</strong>.</p>\r\n\r\n<p>Lỗi server (Etat HTTP 500) th&igrave; c&oacute; rất rất nhiều loại. Do đ&oacute;, trong b&agrave;i n&agrave;y m&igrave;nh chỉ giới thiệu qua lỗi&nbsp;<strong>Error instantiating servlet class v&agrave; c&aacute;ch khắc phục</strong>. Những lỗi server&nbsp;Etat HTTP 500 kh&aacute;c m&igrave;nh sẽ giới thiệu trong những b&agrave;i viết kh&aacute;c nữa (mỗi lỗi một b&agrave;i).</p>\r\n\r\n<p>Giới thiệu một ch&uacute;t th&ocirc;ng tin:</p>\r\n\r\n<ul>\r\n	<li>Server Tomcat m&igrave;nh đang d&ugrave;ng: Apache Tomcat verion 7.0.63</li>\r\n	<li>M&igrave;nh đang truy cập v&agrave;o địa chỉ (url pattern): &ldquo;<strong>\\a-du</strong>&rdquo; th&igrave; bị lỗi.</li>\r\n</ul>\r\n\r\n<h2>C&aacute;ch khắc phục lỗi&nbsp;Error instantiating servlet class&hellip;</h2>\r\n\r\n<p>Để sửa được lỗi n&agrave;y, bạn phải đọc th&ocirc;ng b&aacute;o lỗi m&agrave; server trả về. Lỗi n&agrave;y kh&aacute; đơn giản n&ecirc;n chỉ cần nh&igrave;n lỗi tr&ecirc;n tr&igrave;nh duyệt th&igrave; c&oacute; thể sửa được ngay. Nhưng đối với c&aacute;c lỗi phức tạp hơn, m&igrave;nh khuy&ecirc;n c&aacute;c bạn n&ecirc;n nh&igrave;n v&agrave;o th&ocirc;ng b&aacute;o lỗi hiện ở console của IDE (Eclipse chẳng hạn) nữa nh&eacute;.</p>\r\n\r\n<p>Đ&acirc;y l&agrave; th&ocirc;ng b&aacute;o lỗi hiện ở console (c&oacute; vẻ giống với những g&igrave; tr&igrave;nh duyệt hiển thị)</p>\r\n\r\n<table>\r\n	<tbody>\r\n		<tr>\r\n			<td>\r\n			<p>1</p>\r\n\r\n			<p>2</p>\r\n\r\n			<p>3</p>\r\n\r\n			<p>4</p>\r\n\r\n			<p>5</p>\r\n\r\n			<p>6</p>\r\n\r\n			<p>7</p>\r\n\r\n			<p>8</p>\r\n\r\n			<p>9</p>\r\n\r\n			<p>10</p>\r\n\r\n			<p>11</p>\r\n\r\n			<p>12</p>\r\n\r\n			<p>13</p>\r\n\r\n			<p>14</p>\r\n\r\n			<p>15</p>\r\n\r\n			<p>16</p>\r\n\r\n			<p>17</p>\r\n\r\n			<p>18</p>\r\n\r\n			<p>19</p>\r\n\r\n			<p>20</p>\r\n\r\n			<p>21</p>\r\n\r\n			<p>22</p>\r\n\r\n			<p>23</p>\r\n			</td>\r\n			<td>\r\n			<p>java.lang.ClassNotFoundException: ADuController</p>\r\n\r\n			<p>at org.apache.catalina.loader.WebappClassLoader.loadClass(WebappClassLoader.java:1722)</p>\r\n\r\n			<p>at org.apache.catalina.loader.WebappClassLoader.loadClass(WebappClassLoader.java:1573)</p>\r\n\r\n			<p>at org.apache.catalina.core.DefaultInstanceManager.loadClass(DefaultInstanceManager.java:506)</p>\r\n\r\n			<p>at org.apache.catalina.core.DefaultInstanceManager.loadClassMaybePrivileged(DefaultInstanceManager.java:488)</p>\r\n\r\n			<p>at org.apache.catalina.core.DefaultInstanceManager.newInstance(DefaultInstanceManager.java:115)</p>\r\n\r\n			<p>at org.apache.catalina.core.StandardWrapper.loadServlet(StandardWrapper.java:1148)</p>\r\n\r\n			<p>at org.apache.catalina.core.StandardWrapper.allocate(StandardWrapper.java:864)</p>\r\n\r\n			<p>at org.apache.catalina.core.StandardWrapperValve.invoke(StandardWrapperValve.java:134)</p>\r\n\r\n			<p>at org.apache.catalina.core.StandardContextValve.invoke(StandardContextValve.java:122)</p>\r\n\r\n			<p>at org.apache.catalina.authenticator.AuthenticatorBase.invoke(AuthenticatorBase.java:505)</p>\r\n\r\n			<p>at org.apache.catalina.core.StandardHostValve.invoke(StandardHostValve.java:170)</p>\r\n\r\n			<p>at org.apache.catalina.valves.ErrorReportValve.invoke(ErrorReportValve.java:103)</p>\r\n\r\n			<p>at org.apache.catalina.valves.AccessLogValve.invoke(AccessLogValve.java:957)</p>\r\n\r\n			<p>at org.apache.catalina.core.StandardEngineValve.invoke(StandardEngineValve.java:116)</p>\r\n\r\n			<p>at org.apache.catalina.connector.CoyoteAdapter.service(CoyoteAdapter.java:423)</p>\r\n\r\n			<p>at org.apache.coyote.http11.AbstractHttp11Processor.process(AbstractHttp11Processor.java:1079)</p>\r\n\r\n			<p>at org.apache.coyote.AbstractProtocol$AbstractConnectionHandler.process(AbstractProtocol.java:620)</p>\r\n\r\n			<p>at org.apache.tomcat.util.net.JIoEndpoint$SocketProcessor.run(JIoEndpoint.java:318)</p>\r\n\r\n			<p>at java.util.concurrent.ThreadPoolExecutor.runWorker(Unknown Source)</p>\r\n\r\n			<p>at java.util.concurrent.ThreadPoolExecutor$Worker.run(Unknown Source)</p>\r\n\r\n			<p>at org.apache.tomcat.util.threads.TaskThread$WrappingRunnable.run(TaskThread.java:61)</p>\r\n\r\n			<p>at java.lang.Thread.run(Unknown Source)</p>\r\n			</td>\r\n		</tr>\r\n	</tbody>\r\n</table>\r\n\r\n<p>&nbsp;</p>\r\n\r\n<h4>Ph&acirc;n t&iacute;ch lỗi</h4>\r\n\r\n<p>Bạn c&oacute; thấy th&ocirc;ng b&aacute;o:&nbsp;<strong>Error instantiating servlet class&nbsp;ADuController</strong>: Đ&acirc;y l&agrave; lỗi khi khởi tạo class servlet, m&agrave; cụ thể ở đ&acirc;y l&agrave; class ADuController (&Aacute; đ&ugrave;&nbsp;&nbsp;). C&oacute; thể servlet với t&ecirc;n n&agrave;y chưa tồn tại.</p>\r\n\r\n<p>Tiếp tục nh&igrave;n xuống dưới t&yacute; (dưới đoạn th&ocirc;ng b&aacute;o tr&ecirc;n chứ kh&ocirc;ng phải dưới rốn nh&eacute;&nbsp;&nbsp;) hoặc nh&igrave;n v&agrave;o console: C&oacute; d&ograve;ng&nbsp;<strong>java.lang.ClassNotFoundException: ADuController</strong>&nbsp;&ndash; Đ&acirc;y mới l&agrave; mấu chốt của vấn đề, c&oacute; thể chỉ nh&igrave;n v&agrave;o d&ograve;ng n&agrave;y l&agrave; biết được lỗi g&igrave; rồi. Một Exception từ&nbsp;<strong>ClassNotFoundException</strong>&nbsp;th&igrave; chỉ c&oacute; thể l&agrave; kh&ocirc;ng t&igrave;m thấy class c&oacute; t&ecirc;n&nbsp;<strong>ADuController</strong>.</p>\r\n\r\n<h4>Khắc phục th&ocirc;i</h4>\r\n\r\n<p>Như vậy, ch&uacute;ng ta đ&atilde; x&aacute;c định được nguy&ecirc;n nh&acirc;n lỗi l&agrave; kh&ocirc;ng t&igrave;m thấy class ADuController:</p>\r\n\r\n<ul>\r\n	<li>C&oacute; khả năng bạn chưa tạo ra class&nbsp;<strong>ADuController</strong>&nbsp;trong project (chưa tạo th&igrave; tạo đi nh&eacute;).</li>\r\n	<li>Nếu đ&atilde; tạo rồi th&igrave; c&oacute; thể do&nbsp;<strong>server chưa build kịp</strong>&nbsp;servlet đ&oacute; ra class. Thử&nbsp;<strong>restart lại server Tomcat</strong>, hoặc&nbsp;<strong><a href=\"https://ngockhuong.com/java/thong-bao-loi-etat-http-404-trong-java-web-chuyen-gi-dang-xay-ra.html\">clean project, clean Tomcat</a></strong>&nbsp;nh&eacute; (Chưa biết c&aacute;ch clean th&igrave; xem lại b&agrave;i lỗi 404, m&igrave;nh c&oacute; hướng dẫn ở b&agrave;i đ&oacute;)</li>\r\n	<li>Một trường hợp nữa, c&oacute; khả năng xảy ra như sau: Bạn kh&ocirc;ng biết ADuController từ đ&acirc;u xuất hiện, bạn chưa bao giờ&nbsp;c&oacute; &yacute; định tạo ra servlet đ&oacute;. Vậy th&igrave; xem lại phần cấu h&igrave;nh file&nbsp;<strong>web.xml</strong>, tương ứng với&nbsp;<strong>url pattern</strong>&nbsp;(&lt;url-pattern&gt;/a-du&lt;/url-pattern&gt;) đang truy cập sẽ được mapping với một&nbsp;<strong>servlet</strong>&nbsp;(v&iacute; dụ:&nbsp;&lt;servlet-class&gt;ADuController&lt;/servlet-class&gt;). C&oacute; thể class bạn muốn mapping với url kia l&agrave;&nbsp;<strong>AhihiADuController</strong>&nbsp;chứ kh&ocirc;ng phải l&agrave; ADuController.</li>\r\n</ul>\r\n\r\n<p>Xong! Kết th&uacute;c b&agrave;i viết tại đ&acirc;y. Nếu c&oacute; thắc mắc hay cần g&oacute;p &yacute; g&igrave; th&igrave; để lại comment cho m&igrave;nh b&ecirc;n dưới bạn nh&eacute;&nbsp;</p>\r\n', '2017-09-08 14:26:49', 'hinhanh1.jpg', 4, 0, 0, 1, 3),
(28, 'Thông báo lỗi Etat HTTP 404 trong Java Web – Chuyện gì đang xảy ra', '<p><a href=\"https://ngockhuong.com/java/tong-hop-loi-server-tomcat-thuong-gap-va-cach-khac-phuc.html\"><strong>Tổng hợp lỗi Server Tomcat thường gặp v&agrave; c&aacute;ch khắc phục</strong></a>&rdquo; tại blog&nbsp;<a href=\"https://ngockhuong.com/\">Ngọc Khương IT</a>. Ch&uacute;c c&aacute;c bạn code tốt, code ngoan nh&eacute;.</p>\r\n', '<h2>Đặt vấn đề</h2>\r\n\r\n<p>V&agrave;o vấn đề ch&iacute;nh,&nbsp;<strong>Etat HTTP 404</strong>&nbsp;l&agrave; lỗi g&igrave;? C&aacute;ch fix ra sao?</p>\r\n\r\n<p>Thật ra, khi n&oacute;i rằng&nbsp;<strong>Etat HTTP 404</strong>&nbsp;l&agrave; một lỗi th&igrave; cũng chưa hẳn l&agrave; như vậy, n&oacute; kh&ocirc;ng phải l&agrave; lỗi, m&agrave; l&agrave; lỗi nhưng lại kh&ocirc;ng phải l&agrave; lỗi nh&eacute;&nbsp;</p>\r\n\r\n<p>Trước khi n&oacute;i về&nbsp;<strong>Etat HTTP 404</strong>, m&igrave;nh sẽ n&oacute;i một ch&uacute;t về&nbsp;<strong>404</strong>. 404 l&agrave; một m&atilde; m&agrave; server trả về cho người d&ugrave;ng, con số 404 được quy định l&agrave; kết quả trả về khi server kh&ocirc;ng t&igrave;m thấy nội dung n&agrave;o đ&oacute; m&agrave; người d&ugrave;ng y&ecirc;u cầu.</p>\r\n\r\n<p>C&ograve;n&nbsp;<strong>Etat HTTP 404</strong>&nbsp;chỉ l&agrave; c&aacute;ch&nbsp;<strong>Tomcat</strong>&nbsp;trả về khi kh&ocirc;ng t&igrave;m thấy nội dung m&agrave; người d&ugrave;ng y&ecirc;u cầu (Th&ecirc;m ch&uacute;t &iacute;t chữ v&agrave;o trước 404 th&ocirc;i m&agrave;)</p>\r\n\r\n<p>Qua đ&acirc;y, bạn c&oacute; hiểu rằng người d&ugrave;ng y&ecirc;u cầu một nội dung n&agrave;o đ&oacute; m&agrave; server kh&ocirc;ng c&oacute;, m&agrave; đ&atilde; kh&ocirc;ng c&oacute; th&igrave; trả về c&aacute;i g&igrave; b&acirc;y giờ. Vậy tạm n&eacute;m v&agrave;o mặt thằng người d&ugrave;ng d&ograve;ng 404 cho chừa c&aacute;i tội t&agrave;o lao truy cập lung tung những nội dung kh&ocirc;ng c&oacute;. Thế th&igrave; đ&acirc;y l&agrave; lỗi do người d&ugrave;ng hay do server. Trường hợp n&agrave;y&nbsp;chắc chắn l&agrave; người d&ugrave;ng rồi.</p>\r\n\r\n<p>Nhưng, m&igrave;nh cũng sẽ tr&aacute;ch c&aacute;i thằng lập tr&igrave;nh vi&ecirc;n mần (l&agrave;m) ra c&aacute;i sản phẩm m&agrave; chạy tr&ecirc;n Server Tomcat kia (Web chẳng hạn). Ai bảo viết thẻ&nbsp;<strong>&lt;a href=&rdquo;&rdquo;&gt;&lt;/a&gt;</strong>&nbsp;với một link kh&ocirc;ng tồn tại như vậy để người d&ugrave;ng truy cập, để server trả về 404 cho người d&ugrave;ng, mất kh&aacute;ch r&aacute;ng chịu.</p>\r\n\r\n<p>Tạm bỏ qua, rủ l&ograve;ng thương với thằng lập tr&igrave;nh vi&ecirc;n t&yacute; v&igrave; n&oacute; c&oacute; c&ocirc;ng viết code. Bởi anh&nbsp;<strong>server</strong>&nbsp;cũng c&oacute; một phần tr&aacute;ch nhiệm.</p>\r\n\r\n<h2><strong>L&agrave; thế n&agrave;o?</strong></h2>\r\n\r\n<p>Ở đ&acirc;y m&igrave;nh chỉ n&oacute;i đến&nbsp;<strong>Server Tomcat</strong>&nbsp;(khi lập tr&igrave;nh với Java), c&ograve;n những lỗi 404 của những ng&ocirc;n ngữ kh&aacute;c cũng tương tự nh&eacute;.</p>\r\n\r\n<p>Tomcat c&oacute; một phần lỗi ở đ&acirc;y, đ&ocirc;i l&uacute;c do cấu h&igrave;nh m&aacute;y t&iacute;nh hơi yếu, chạy nhiều task, eclipse c&oacute; vấn đề,&hellip;khiến cho Server Tomcat kh&ocirc;ng thể hoạt động tốt được, khiến n&oacute; kh&ocirc;ng&nbsp;<strong>build kịp code</strong>&nbsp;hay những config m&agrave; ch&uacute; lập tr&igrave;nh vi&ecirc;n đ&atilde; thực hiện. V&iacute; dụ thế n&agrave;y: ch&uacute; lập tr&igrave;nh vi&ecirc;n tạo servlet&nbsp;<code>ADuController</code>&nbsp;(&Aacute; đ&ugrave; nh&eacute;) rồi config cho n&oacute; một url pattern trong file&nbsp;<code>web.xml</code>&nbsp;l&agrave; &ldquo;<strong>/a-du</strong>&ldquo;. Người d&ugrave;ng khi&nbsp;truy cập v&agrave;o url &ldquo;<strong>/a-du</strong>&rdquo; sẽ bay ngay đến servlet. Vậy l&agrave; một lỗi&nbsp;<code>Etat HTTP 404</code>&nbsp;n&eacute;m ngay v&agrave;o mặt. Thế n&agrave;y th&igrave; do thằng server kh&ocirc;ng build kịp code file&nbsp;<strong>ADuController</strong>&nbsp;th&agrave;nh&nbsp;<strong>class</strong>&nbsp;rồi chứ kh&ocirc;ng đ&acirc;u hết (xem như code đ&uacute;ng, config đ&uacute;ng trong web.xml)</p>\r\n\r\n<p>Đ&oacute;, qua v&iacute; dụ tr&ecirc;n th&igrave; bạn ho&agrave;n to&agrave;n c&oacute; thể đổ lỗi cho thằng server rồi nh&eacute; (chứ đổ m&atilde;i&nbsp;cho anh lập tr&igrave;nh vi&ecirc;n hay người d&ugrave;ng th&igrave; tội lỗi qu&aacute;)</p>\r\n\r\n<h2>C&aacute;ch khắc phục lỗi&nbsp;Etat HTTP 404</h2>\r\n\r\n<p>Như đ&atilde; ph&acirc;n t&iacute;ch ở tr&ecirc;n th&igrave; lỗi&nbsp;<strong>Etat HTTP 404</strong>&nbsp;(m&agrave; kh&ocirc;ng phải l&agrave; lỗi) xảy ra do 3 đối tượng: Anh&nbsp;<strong>người d&ugrave;ng</strong>, ch&uacute;&nbsp;<strong>lập tr&igrave;nh vi&ecirc;n</strong>&nbsp;v&agrave; thằng&nbsp;<strong>server</strong>. (M&igrave;nh sẽ xem ch&uacute; lập tr&igrave;nh vi&ecirc;n ki&ecirc;m việc của anh người d&ugrave;ng nh&eacute; v&igrave; code xong phải chạy để test thử m&agrave;)</p>\r\n\r\n<p>&ndash; Khi ch&uacute; lập tr&igrave;nh vi&ecirc;n truy cập v&agrave;o một url n&agrave;o đ&oacute; (chẳng hạn như:&nbsp;<strong>/a-du</strong>) m&agrave; văng ra lỗi&nbsp;Etat HTTP 404 th&igrave;:</p>\r\n\r\n<ul>\r\n	<li>Vui l&ograve;ng bảo anh ta&nbsp;<strong>xem kỹ lại&nbsp;đ&atilde; c&oacute; một url pattern</strong>&nbsp;với link kia chưa (thường th&igrave; kiểm tra trong&nbsp;<strong>web.xml</strong>)</li>\r\n	<li>Đ&atilde; c&oacute; một&nbsp;<strong>Servlet được mapping với url pattern</strong>&nbsp;đ&oacute; chưa.</li>\r\n</ul>\r\n\r\n<p>&ndash; Khi ch&uacute; lập tr&igrave;nh vi&ecirc;n đ&atilde; kiểm tra mọi thứ đều đ&atilde; ok (kh&ocirc;ng c&oacute; lỗi g&igrave; cả):</p>\r\n\r\n<ul>\r\n	<li>Vui l&ograve;ng xem&nbsp;<strong>console tr&ecirc;n Eclipse</strong>&nbsp;(nếu bạn code tr&ecirc;n Eclipse) hoặc console của IDE kh&aacute;c c&oacute; hiện th&ocirc;ng b&aacute;o lỗi g&igrave; kh&ocirc;ng. Nếu c&oacute; th&igrave; đọc v&agrave; fix lỗi th&ocirc;i.</li>\r\n	<li>Khi console cũng kh&ocirc;ng c&oacute; g&igrave;. Thật đ&aacute;ng buồn, bạn đ&atilde; rơi v&agrave;o t&igrave;nh huống Server build kh&ocirc;ng kịp. Đ&acirc;y l&agrave; một trong những trường hợp hay gặp v&agrave; c&aacute;ch fix sẽ mang t&iacute;nh may rủi nhưng đều c&oacute; căn cứ. (đoạn n&agrave;y d&agrave;i qu&aacute; m&igrave;nh viết c&aacute;ch fix b&ecirc;n dưới&nbsp;&nbsp;)</li>\r\n</ul>\r\n\r\n<h4>C&aacute;ch sửa lỗi&nbsp;Etat HTTP 404 khi Server build chưa kịp code (m&igrave;nh l&agrave;m tr&ecirc;n Eclipse nh&eacute;)</h4>\r\n\r\n<p>&ndash; V&agrave;o&nbsp;<strong>Project</strong>&nbsp;<strong>&gt;</strong>&nbsp;<strong>Clean&nbsp;&gt;</strong>&nbsp;<strong>Clean all projects</strong>&nbsp;hoặc chọn&nbsp;<strong>Clean projects selected below</strong>&nbsp;(nếu bạn chỉ muốn clean một số project n&agrave;o đ&oacute; th&ocirc;i): Mục đ&iacute;ch của việc n&agrave;y l&agrave; dọn dẹp project, tự động build lại project &gt;&gt; Xem thử đ&atilde; hết 404 chưa, nếu chưa th&igrave; thực hiện tiếp.</p>\r\n\r\n<p>&ndash; Tại tab&nbsp;<strong>Servers</strong>&nbsp;(Nếu lỡ đ&oacute;ng mất tab Server rồi th&igrave; v&agrave;o&nbsp;<strong>Window&nbsp;&gt;&nbsp;Show View&nbsp;&gt;&nbsp;Servers</strong>&nbsp;để hiện tab servers trở lại),&nbsp;<strong>click phải chuột v&agrave;o server</strong>&nbsp;đang d&ugrave;ng, chọn tiếp&nbsp;<strong>Clean&hellip;</strong>&nbsp;v&agrave;&nbsp;<strong>Clean Tomcat Work Directory&hellip;</strong>&nbsp;để dọn dẹp server Tomcat rồi chạy lại web nh&eacute;. (xem ảnh)</p>\r\n\r\n<p><strong>Được chưa?</strong></p>\r\n\r\n<p>&ndash; Lỡ chưa sửa được nữa th&igrave; chỉ c&ograve;n c&aacute;ch&nbsp;<strong>tắt Server</strong>,&nbsp;<strong>tắt Eclipse</strong>&nbsp;v&agrave; thậm ch&iacute; c&oacute; thể tắt m&aacute;y mở lại (Đ&acirc;y l&agrave; bước cuối c&ugrave;ng nh&eacute;)</p>\r\n\r\n<p>&ndash; Được chưa? Chắc được rồi&nbsp;&nbsp;Nhớ rằng d&ugrave; lỗi g&igrave; đi nữa th&igrave;&nbsp;<code>đừng bao giờ xo&aacute; server ra khỏi Eclipse</code>&nbsp;nh&eacute;. (xo&aacute; tội n&oacute; v&igrave; xo&aacute; kh&ocirc;ng giải quyết được g&igrave; m&agrave; chỉ th&ecirc;m tốn c&ocirc;ng)</p>\r\n\r\n<p>Chưa được nữa th&igrave; đổ lỗi do bạn ăn ở kh&ocirc;ng c&oacute; đức th&ocirc;i&nbsp;</p>\r\n\r\n<p>Cuối c&ugrave;ng, nếu bạn thấy s&oacute;t trường hợp n&agrave;o c&ograve;n c&oacute; thể g&acirc;y l&agrave; lỗi&nbsp;<strong>Etat HTTP 404</strong>&nbsp;th&igrave; comment b&ecirc;n dưới để m&igrave;nh cập nhật tiếp v&agrave;o b&agrave;i viết nh&eacute;. Ch&uacute;c c&aacute;c bạn th&agrave;nh c&ocirc;ng</p>\r\n', '2017-09-08 14:28:00', 'hinhanh1.jpg', 4, 0, 0, 1, 3),
(29, 'Vài phút hiểu về Java Singleton Pattern', '<h2>rả lời cho c&acirc;u hỏi Java Singleton Pattern l&agrave; g&igrave;?</h2>\r\n', '<p>Như vậy, khi d&ugrave;ng Singleton Pattern m&agrave; sếp hướng dẫn, bạn đ&atilde; thấy sung sướng hơn chưa, từ bỏ tr&acirc;u g&agrave; quay lại nghiệp Code nh&eacute;&nbsp;</p>\r\n\r\n<p>[notification type=&rdquo;alert-info&rdquo; close=&rdquo;false&rdquo; ]</p>\r\n\r\n<p><strong>Lưu &yacute;</strong></p>\r\n\r\n<p>V&iacute; dụ tr&ecirc;n chỉ code đơn giản theo hướng giải quyết của singleton pattern chứ chưa thật sự đầy đủ, bạn theo d&otilde;i những g&igrave; b&ecirc;n dưới rồi quay lại ho&agrave;n th&agrave;nh v&iacute; dụ nh&eacute;&nbsp;</p>\r\n\r\n<p>Vả lại, M&igrave;nh chưa thấy một ứng dụng thực tế n&agrave;o như v&iacute; dụ tr&ecirc;n cả, tất cả chỉ l&agrave; v&iacute; dụ để bạn hiểu singleton n&oacute; được &aacute;p dụng thế n&agrave;o th&ocirc;i&nbsp;</p>\r\n\r\n<p>[/notification]</p>\r\n\r\n<h4>Tiếp tục b&agrave;n về kh&aacute;i niệm Singleton Pattern</h4>\r\n\r\n<p>Từ v&iacute; dụ đơn giản tr&ecirc;n, bạn c&oacute; thể thấy Singleton Pattern giải quyết ổn thoả việc tạo ra một đối tượng (thể hiện) duy nhất từ một lớp để sử dụng trong suốt qu&aacute; tr&igrave;nh chương tr&igrave;nh chạy.</p>\r\n\r\n<h2>Singleton Pattern nhiều lắm kh&ocirc;ng?</h2>\r\n\r\n<p>Kh&ocirc;ng r&otilde; ở đ&acirc;y nhiều lắm l&agrave; nhiều về c&aacute;i g&igrave;? Tuy nhi&ecirc;n m&igrave;nh vẫn trả lời thế n&agrave;y.</p>\r\n\r\n<p><strong>Về mặt chức năng:</strong>&nbsp;Singleton đảm bảo rằng class chỉ c&oacute; duy nhất một thể hiện (hay đối tượng) được tạo ra v&agrave; n&oacute; sẽ cung cấp một phương thức để bạn truy cập đến thể hiện đ&oacute;.</p>\r\n\r\n<p><strong>Về mặt nguy&ecirc;n tắc:</strong>&nbsp;D&ugrave; bạn thực hiện bằng c&aacute;ch n&agrave;o đi chăng nữa th&igrave; cũng phải dựa v&agrave;o c&aacute;c nguy&ecirc;n tắc sau:</p>\r\n\r\n<ol>\r\n	<li>Constructor của class d&ugrave;ng Singleton Pattern phải c&oacute; phạm vi truy cập l&agrave;&nbsp;<strong>private</strong>&nbsp;để kh&ocirc;ng thể tạo thể hiện của class từ b&ecirc;n ngo&agrave;i.</li>\r\n	<li>Khai b&aacute;o&nbsp;<strong>private static</strong>&nbsp;cho t&ecirc;n biến của thể hiện đ&atilde; tạo để đảm bảo thể hiện chỉ được tạo ra trong class đ&oacute; th&ocirc;i.</li>\r\n	<li>C&oacute; một phương thức&nbsp;<strong>public</strong>&nbsp;để trả về thể hiện đ&atilde; được tạo.</li>\r\n</ol>\r\n\r\n<p>Như vậy chỉ cần nắm r&otilde; chức năng v&agrave; 3 nguy&ecirc;n tắc của singleton pattern l&agrave; bạn c&oacute; thể &aacute;p dụng v&agrave;o project của m&igrave;nh, c&aacute;ch đặt t&ecirc;n thể hiện hay phương thức th&igrave; tuỳ bạn th&ocirc;i. Vậy bạn thấy c&oacute; nhiều kh&ocirc;ng?</p>\r\n\r\n<p>Đến đ&acirc;y th&igrave; thật sự kh&ocirc;ng nhiều kiến thức về singleton pattern để bạn nhớ đ&acirc;u, chỉ cần nhớ những điều tr&ecirc;n l&agrave; được. Tuy nhi&ecirc;n, bạn c&oacute; đảm bảo rằng c&aacute;ch code của bạn theo nguy&ecirc;n l&yacute; singleton pattern thật sự hiệu quả v&agrave; thực thi nhanh ch&oacute;ng. Kh&ocirc;ng thể d&aacute;m chắc đ&uacute;ng kh&ocirc;ng? V&igrave; bạn c&oacute; thể kh&ocirc;ng phải l&agrave; một chuy&ecirc;n gia.&nbsp;</p>\r\n\r\n<h2>C&aacute;ch chuy&ecirc;n gia code theo nguy&ecirc;n l&yacute; singleton pattern</h2>\r\n\r\n<p>Đ&atilde; gọi l&agrave; chuy&ecirc;n gia th&igrave; ắt hẳn phải l&agrave; một bậc thầy phải kh&ocirc;ng c&aacute;c bạn. Vậy những c&aacute;ch &aacute;p dụng singleton của c&aacute;c bậc thầy như thế n&agrave;o th&igrave; c&ugrave;ng m&igrave;nh điểm qua v&agrave;i phương ph&aacute;p ch&iacute;nh sau nh&eacute;.</p>\r\n\r\n<h4>1. Eager initialization</h4>\r\n\r\n<p>Thể hiện của lớp sẽ được tạo ngay khi được gọi đến. Đ&acirc;y l&agrave; c&aacute;ch dễ nhất nhưng n&oacute; c&oacute; một nhược điểm l&agrave; mặc d&ugrave; thể hiện (instance) đ&atilde; được khởi tạo nhưng c&oacute; thể sẽ kh&ocirc;ng d&ugrave;ng tới.</p>\r\n\r\n<p>C&oacute; thể thấy c&aacute;ch l&agrave;m khi sử dụng&nbsp;<code>inner-class static</code>&nbsp;(hay&nbsp;<strong>Bill Pugh Singleton Implementation</strong>) đạt hiệu suất&nbsp;cao nhất.</p>\r\n\r\n<p>Như vậy, c&oacute; nhiều chuy&ecirc;n gia, c&oacute; nhiều c&aacute;ch thực hiện. C&oacute; c&aacute;ch tốt, c&aacute;ch tệ, c&aacute;ch c&oacute; hiệu suất&nbsp;cao, c&aacute;ch c&oacute; hiệu suất&nbsp;thấp, c&aacute;ch d&ugrave;ng tốt với single thread, c&aacute;ch d&ugrave;ng tốt với multi thread,&hellip;n&ecirc;n bạn phải nhớ rằng bản chất mới l&agrave; quan trọng, c&aacute;ch thức thực hiện chẳng l&agrave; g&igrave; cả. Ở một số dự &aacute;n bạn thực hiện theo phương ph&aacute;p n&agrave;y, nhưng một số dự &aacute;n bạn bắt buộc phải thực hiện theo một phương ph&aacute;p kh&aacute;c. C&aacute;c phương ph&aacute;p tr&ecirc;n của c&aacute;c chuy&ecirc;n gia đ&atilde; được kiểm chứng v&agrave; sử dụng trong nhiều dự &aacute;n, bạn c&oacute; thể sử dụng một trong những phương ph&aacute;p đ&oacute; nh&eacute;. (C&oacute; thể chọn c&aacute;ch Bill Pugh Singleton Implementation v&igrave; bạn cũng thấy hiệu suất&nbsp;của n&oacute; rồi đ&oacute;&nbsp;&nbsp;)</p>\r\n\r\n<h2>Ứng dụng của Singleton Pattern</h2>\r\n\r\n<p>Bạn thử h&igrave;nh dung trong đầu m&igrave;nh rằng đ&atilde; hiểu về Singleton Pattern như thế n&agrave;o rồi nh&eacute;. Cứ việc tập trung v&agrave;o chức năng của n&oacute;: &ldquo;đảm bảo rằng class chỉ c&oacute; duy nhất một thể hiện (hay đối tượng) được tạo ra v&agrave; n&oacute; sẽ cung cấp một phương thức để bạn truy cập đến thể hiện đ&oacute;&rdquo; để c&oacute; thể ứng dụng v&agrave;o trong c&aacute;c dự &aacute;n m&agrave; bạn cần đến.</p>\r\n\r\n<p>Dưới đ&acirc;y l&agrave; một số ứng dụng của singleton pattern để bạn tham khảo th&ecirc;m:</p>\r\n\r\n<ul>\r\n	<li>V&igrave; class d&ugrave;ng Singleton chỉ tồn tại 1 Instance (thể hiện) n&ecirc;n n&oacute; thường được d&ugrave;ng cho c&aacute;c trường hợp giải quyết c&aacute;c b&agrave;i to&aacute;n cần truy cập v&agrave;o c&aacute;c shared resource hoặc implement cho c&aacute;c Logger class (logging), Configuration class, DAO, drivers objects, caching hoặc thread pool.</li>\r\n	<li>Một số design pattern kh&aacute;c cũng sử dụng Singleton để triển khai: Abstract Factory, Builder, Prototype, Facade,&hellip;</li>\r\n	<li>Singleton Pattern cũng được sử dụng trong một số class của core java, v&iacute; dụ như:&nbsp;java.lang.Runtime, java.awt.Desktop.</li>\r\n</ul>\r\n\r\n<h2>Sếp n&oacute;i th&ecirc;m</h2>\r\n\r\n<p>&Agrave; thật ra th&igrave; kh&ocirc;ng phải sếp n&oacute;i l&agrave; m&igrave;nh t&oacute;m lại th&ocirc;i nh&eacute;.&nbsp;</p>\r\n\r\n<p>Đ&oacute; l&agrave; tất cả những g&igrave; m&igrave;nh hiểu, t&igrave;m hiểu v&agrave; vận dụng Singleton Pattern. M&igrave;nh khuy&ecirc;n c&aacute;c bạn chỉ cần hiểu đơn giản th&ocirc;i, đừng quan trọng ho&aacute; vấn đề.</p>\r\n\r\n<p>Phương ph&aacute;p Singleton m&igrave;nh hay sử dụng l&agrave;&nbsp;<strong>Bill Pugh Singleton Implementation</strong>&nbsp;(v&igrave; n&oacute; c&oacute; hiệu suất cao),&nbsp;<strong>Lazy Initialization</strong>&nbsp;(v&igrave; t&iacute;nh đơn giản của n&oacute; nếu kh&ocirc;ng d&ugrave;ng đến multi thread) v&agrave;&nbsp;<strong>Thread Safe Singleton</strong>&nbsp;(tuy hiệu suất thấp nhưng l&agrave; c&aacute;ch kh&aacute; an to&agrave;n khi c&oacute; d&ugrave;ng multi thread). Code v&iacute; dụ th&igrave; đ&atilde; c&oacute; ở tr&ecirc;n, c&aacute;c bạn xem lại nh&eacute;.</p>\r\n\r\n<p>Cuối c&ugrave;ng, hẹn gặp lại c&aacute;c bạn ở những b&agrave;i viết ph&acirc;n t&iacute;ch s&acirc;u hơn về từng phương ph&aacute;p&nbsp;của c&aacute;c chuy&ecirc;n gia để thấy ưu nhược điểm của từng c&aacute;i v&agrave; c&aacute;c v&iacute; dụ mẫu cho từng phương ph&aacute;p đ&oacute;.</p>\r\n\r\n<p>Nếu c&oacute; vấn đề g&igrave; cần thảo luận th&igrave; để lại b&igrave;nh luận b&ecirc;n dưới bạn nh&eacute; &lt;3</p>\r\n', '2017-09-08 14:30:46', 'hinhanh1.jpg', 4, 0, 0, 1, 3),
(30, 'Trung Quốc tìm ra giải pháp cho vấn đề lớn nhất của ngành công nghiệp chia sẻ xe đạp', '<h2>Những chi&ecirc;́c xe đạp cũ, hỏng ch&acirc;́t thành núi đang là m&ocirc;́i đe dọa nghi&ecirc;m trọng tới m&ocirc;i trường tại các thành ph&ocirc;́ Trung Qu&ocirc;́c.</h2>\r\n', '<p>Ngành c&ocirc;ng nghi&ecirc;̣p chia sẻ xe đạp đang phát tri&ecirc;̉n như vũ bão tại Trung Qu&ocirc;́c. Tuy nhi&ecirc;n, do t&ocirc;́c đ&ocirc;̣ phát tri&ecirc;̉n nhanh, các hãng chia sẻ xe đang g&acirc;y sức ép cực lớn l&ecirc;n cơ sở hạ t&acirc;̀ng, m&ocirc;i trường và sự &ocirc;̉n định của các thành ph&ocirc;́.</p>\r\n\r\n<p>Th&acirc;̣m chí, mới đ&acirc;y th&agrave;nh phố Vũ H&aacute;n, Trung Quốc đ&atilde; cấm việc tiếp tục sử dụng dịch vụ chia sẻ xe đạp trong nỗ lực giải quyết t&igrave;nh trạng tắc nghẽn v&agrave; &ldquo;hỗn loạn&rdquo; tại đ&acirc;y. Số lượng xe đạp chia sẻ tại c&aacute;c quận của Vũ H&aacute;n đ&atilde; gần 700.000, vượt xa &quot;sức chứa&quot; của th&agrave;nh phố l&agrave; 400.000. C&aacute;c nh&agrave; khai th&aacute;c Ofo v&agrave; Mobike đang ph&aacute;t triển dịch vụ n&agrave;y nhanh ch&oacute;ng kể từ khi tung ra thị trường v&agrave;o cuối năm ngo&aacute;i.</p>\r\n\r\n<p>Một số th&agrave;nh phố lớn tại Trung Qu&ocirc;́c cũng đ&atilde; ra những quy định về việc sử dụng lề đường. Trung t&acirc;m t&agrave;i ch&iacute;nh ph&iacute;a Nam của Th&acirc;m Quyến th&aacute;ng trước tuy&ecirc;n bố sẽ cấm bổ sung mới v&agrave; ra lệnh cho c&aacute;c c&ocirc;ng ty phải h&agrave;nh động để đối ph&oacute; với những chiếc xe đạp hư hỏng, đậu qu&aacute; l&acirc;u, kh&ocirc;ng đ&uacute;ng quy định trong th&agrave;nh phố. Những chiếc xe n&agrave;y đ&atilde; trở th&agrave;nh nỗi lo ngại về vấn đề sức khỏe cũng như an to&agrave;n giao th&ocirc;ng.</p>\r\n\r\n<p>Cảnh s&aacute;t Thẩm Quyến cũng ra lệnh cho những người sử dụng xe đạp chia sẻ vi phạm c&aacute;c quy tắc phải ch&eacute;p phạt một quy định giao th&ocirc;ng d&agrave;i 1.000 từ hoặc nộp phạt khoảng 306 USD.</p>\r\n\r\n<p>Tuy nhi&ecirc;n, có vẻ như giải pháp của các nhà chức trách Thượng Hải cho v&acirc;́n đ&ecirc;̀ này sáng tạo hơn hẳn các thành ph&ocirc;́ khác. Cụ th&ecirc;̉, họ bi&ecirc;́n những chi&ecirc;́c xe đạp cũ, hỏng thành c&ocirc;ng vi&ecirc;n vui chơi cho trẻ em.</p>\r\n\r\n<p>&nbsp;</p>\r\n', '2017-09-08 14:38:31', 'hinhanh1.jpg', 2, 0, 0, 1, 2),
(31, 'Hai anh em người Ireland này đã biến 7 dòng code trở thành startup 9,2 tỷ USD như thế nào?', '<h2>Hi&ecirc;̣n tại, startup Stripe của Patrick và John Collison đang hợp tác với Amazon đ&ecirc;̉ ki&ecirc;̉m soát dòng chảy thương mại toàn c&acirc;̀u nhi&ecirc;̀u hơn nữa.</h2>\r\n', '<p>M&ocirc;̃i ngày, người Mỹ chi khoảng 1,2 tỷ USD cho các hoạt đ&ocirc;̣ng trực tuy&ecirc;́n. Theo B&ocirc;̣ Thương Mại Hoa Kỳ, con s&ocirc;́ này đã tăng g&acirc;́p đ&ocirc;i trong vòng b&ocirc;́n năm qua và có th&ecirc;̉ ti&ecirc;́p tục tăng g&acirc;́p đ&ocirc;i trong 5 năm tới khi mà internet đang ti&ecirc;́p tục đánh bại những cửa hàng truy&ecirc;̀n th&ocirc;́ng. Vì v&acirc;̣y, th&acirc;̣t ngạc nhi&ecirc;n khi n&ecirc;̀n tảng tài chính của web v&acirc;̃n trong tình trạng cũ và ch&acirc;̣m.</p>\r\n\r\n<p>Trong nhi&ecirc;̀u năm, sự tăng trưởng bùng n&ocirc;̉ của thương mại đi&ecirc;̣n tử đã vượt qua những c&ocirc;ng ngh&ecirc;̣ cơ bản. Các c&ocirc;ng ty mu&ocirc;́n bán hàng trực tuy&ecirc;́n phải tới ng&acirc;n hàng, phải gặp m&ocirc;̣t hãng xử lý thanh toán và c&acirc;̀n m&ocirc;̣t &quot;gateways&quot; xử lý những k&ecirc;́t n&ocirc;́i giữa các b&ecirc;n. Vi&ecirc;̣c này có th&ecirc;̉ m&acirc;́t hàng tu&acirc;̀n, c&acirc;̀n nhi&ecirc;̀u nh&acirc;n lực và chi phí.</p>\r\n\r\n<p>Ph&acirc;̀n lớn các ph&acirc;̀n m&ecirc;̀m xử lý giao dịch có tu&ocirc;̉i đời hàng chục năm và các ph&acirc;̀n m&ecirc;̀m mới lại được vi&ecirc;́t bởi ng&acirc;n hàng, các c&ocirc;ng ty thẻ tín dụng và đơn vị trung gian tài chính, những người v&ocirc;́n kh&ocirc;ng chuy&ecirc;n v&ecirc;̀ t&ocirc;́i ưu code.</p>\r\n\r\n<p>Trong năm 2010, Patrick và John Collison, hai anh em ở m&ocirc;̣t vùng n&ocirc;ng th&ocirc;n Ireland, đã bắt tay vào &quot;debug&quot; cho toàn b&ocirc;̣ quá trình tr&ecirc;n. C&ocirc;ng ty của họ, Stripe Inc., đã x&acirc;y dựng m&ocirc;̣t ph&acirc;̀n m&ecirc;̀m mà các doanh nghi&ecirc;̣p có th&ecirc;̉ tích hợp vào trang web và ứng dụng đ&ecirc;̉ k&ecirc;́t n&ocirc;́i ngay l&acirc;̣p tức với thẻ tín dụng và h&ecirc;̣ th&ocirc;́ng ng&acirc;n hàng đ&ecirc;̉ thanh toán. Sản ph&acirc;̉m này là m&ocirc;̣t sự đ&ocirc;̣t phá với các startup ở Silicon Valley. Các doanh nghi&ecirc;̣p như Lyft, Facebook, DoorDash và hàng ngàn startup khác đã bi&ecirc;́n Stripe trở thành xương s&ocirc;́ng tài chính trong hoạt đ&ocirc;̣ng của họ.</p>\r\n\r\n<p>Hi&ecirc;̣n tại, giá trị những giao dịch tr&ecirc;n internet mà Stripe xử lý m&ocirc;̃i năm l&ecirc;n tới hàng chục tỷ USD và họ ki&ecirc;́m ti&ecirc;̀n bằng cách thu m&ocirc;̣t khoản l&ecirc;̣ phí nhỏ tr&ecirc;n từng giao dịch. M&ocirc;̣t nửa d&acirc;n s&ocirc;́ Mỹ mua sắm trực tuy&ecirc;́n m&ocirc;̃i năm và có th&ecirc;̉, m&ocirc;̣t cách v&ocirc; tình, họ làm đi&ecirc;̀u này qua Stripe. Những thành c&ocirc;ng &acirc;́y giúp Stripe được định giá vào khoảng 9,2 tỷ USD, cao g&acirc;́p nhi&ecirc;̀u l&acirc;̀n so với những đ&ocirc;́i thủ cạnh tranh, và bi&ecirc;́n Patrick, 28 tu&ocirc;̉i, và John, 26 tu&ocirc;̉i, trở thành hai trong s&ocirc;́ những tỷ phú trẻ nh&acirc;́t th&ecirc;́ giới.</p>\r\n\r\n<p>Nhưng thanh toán là m&ocirc;̣t thị trường tàn kh&ocirc;́c. V&ocirc; s&ocirc;́ startup, ng&acirc;n hàng lớn và những c&ocirc;ng ty như Google, Apple đang c&ocirc;́ gắng thu hút từng giao dịch nhỏ qua h&ecirc;̣ th&ocirc;́ng của họ. Sự cạnh tranh này, k&ecirc;́t hợp với lợi nhu&acirc;̣n nhỏ bé của ngành c&ocirc;ng nghi&ecirc;̣p, khi&ecirc;́n các chuy&ecirc;n gia nghi ngờ giá trị của Stripe.</p>\r\n\r\n<p>Có th&ecirc;̉ hợp đ&ocirc;̀ng với Amazon, &ocirc;ng lớn đ&acirc;̀y tham vọng trong ngành thương mại đi&ecirc;̣n tử, khi&ecirc;́n Stripe được định giá cao. G&acirc;̀n đ&acirc;y, Stripe đã bắt đ&acirc;̀u giải quy&ecirc;́t ph&acirc;̀n lớn các giao dịch của Amazon. D&acirc;̃u v&acirc;̣y quy m&ocirc; của thỏa thu&acirc;̣n giữa hai hãng này v&acirc;̃n chưa được ti&ecirc;́t l&ocirc;̣.</p>\r\n\r\n<p>D&acirc;̃u v&acirc;̣y, trong bảy năm qua, sứ m&ecirc;̣nh của Stripe là tăng GDP của internet chứ kh&ocirc;ng phải đưa th&ecirc;m nhi&ecirc;̀u sách, máy hút ch&acirc;n kh&ocirc;ng và dụng cụ làm đẹp tới khách hàng, Patrick nói. Đ&ecirc;̉ làm được đi&ecirc;̀u này, c&ocirc;ng ty bắt đ&acirc;̀u vượt ra khỏi phạm vi thanh toán bằng cách vi&ecirc;́t ph&acirc;̀n m&ecirc;̀m giúp những c&ocirc;ng ty thay đ&ocirc;̉i cách ph&ocirc;́i hợp, trả lương cho c&ocirc;ng nh&acirc;n và phát hi&ecirc;̣n những gian d&ocirc;́i. Đ&acirc;y là m&ocirc;̣t ph&acirc;̀n trong k&ecirc;́ hoạch đ&acirc;̀y tham vọng nhằm cải ti&ecirc;́n cách kinh doanh trực tuy&ecirc;́n đã được ti&ecirc;́n hành trong 20 năm qua và cho những người có ý tưởng sáng tạo m&ocirc;̣t cơ h&ocirc;̣i cạnh tranh.&nbsp;<em>&quot;Chúng t&ocirc;i nghĩ rằng trong s&ocirc;́ hai người nắm trong tay cùng cơ sở hạ t&acirc;̀ng như m&ocirc;̣t doanh nghi&ecirc;̣p với 100.000 người, ai có tác đ&ocirc;̣ng t&ocirc;̉ng hợp hơn tới doanh nghi&ecirc;̣p sẽ thành c&ocirc;ng hơn&quot;</em>, Patrick nói.</p>\r\n\r\n<p>Anh em nhà Collison sinh ra ở Limerick và lúc còn bé phải di chuy&ecirc;̉n khắp nơi trước khi định cư tại Dromineer, m&ocirc;̣t ng&ocirc;i làng bình dị ở trung t&acirc;m Iceland. Cha mẹ họ đ&ecirc;̀u có ki&ecirc;́n thức khoa học, &ocirc;ng b&ocirc;́ Denis làm kỹ sư đi&ecirc;̣n trong khi bà mẹ Lily làm vi&ecirc;̣c trng ngnahf vi sinh học. Sau này, cả hai đ&ecirc;̀u trở thành doanh nh&acirc;n, Denis đi&ecirc;̀u hành m&ocirc;̣t khách sạn 24 phòng trong khi Lily mở m&ocirc;̣t c&ocirc;ng ty hu&acirc;́n luy&ecirc;̣n doanh nghi&ecirc;̣p tại nhà.</p>\r\n\r\n<p>Hai c&acirc;̣u bé tới trường và học trong những lớp chỉ có dưới 20 học sinh. Tr&ecirc;n lớp, khi bu&ocirc;̀n chán Patrick thường đọc sách.&nbsp;<em>&quot;T&ocirc;i ng&ocirc;̀i khu&acirc;́t trong góc n&ecirc;n giáo vi&ecirc;n kh&ocirc;ng nhìn th&acirc;́y&quot;</em>, Patrick k&ecirc;̉ và nói th&ecirc;m rằng sau này m&ocirc;̣t hi&ecirc;̣u trưởng của trường đã chỉ thị giáo vi&ecirc;n cho phép học sinh đọc sách trong giờ học n&ecirc;́u th&acirc;́y chán.</p>\r\n\r\n<p>Những năm học cu&ocirc;́i, Patrick tự học ở nhà đ&ecirc;̉ có th&ecirc;̉ làm những bài ki&ecirc;̉m tra h&ecirc;́t c&acirc;́p sớm hơn, anh t&ocirc;́t nghi&ecirc;̣p năm 16 tu&ocirc;̉i. Cũng trong năm đó, anh nh&acirc;̣n được danh hi&ecirc;̣u Nhà Khoa học trẻ của năm khi phát tri&ecirc;̉n thành c&ocirc;ng m&ocirc;̣t ng&ocirc;n ngữ l&acirc;̣p trình và m&ocirc;̣t h&ecirc;̣ th&ocirc;́ng trí tu&ecirc;̣ nh&acirc;n tạo. Ki&ecirc;́n thức mà người thường c&acirc;̀n học trong hai năm được Patrick nạp vào đ&acirc;̀u trong 20 ngày và sau đó anh giải quy&ecirc;́t li&ecirc;n ti&ecirc;́p 30 bài ki&ecirc;̉m tra. Cách ăn mừng t&ocirc;́t nghi&ecirc;̣p của anh cũng r&acirc;́t khác người, chạy marathon.</p>\r\n\r\n<p>Patrick đăng ký theo học tại MIT vào năm 2006 bằng bài ki&ecirc;̉m tra SAT mà anh hoàn thành năm 13 tu&ocirc;̉i. Anh được nh&acirc;̣n và vài năm sau John đã theo anh tới Mỹ đ&ecirc;̉ theo học Harvard. Trong thời gian rảnh, họ đã phát tri&ecirc;̉n các ứng dụng dành cho iPhone, M&ocirc;̣t trong s&ocirc;́ những thành c&ocirc;ng ban đ&acirc;̀u của họ là m&ocirc;̣t phi&ecirc;n bản Wikipedia giá 8 USD mà người dùng có th&ecirc;̉ tìm ki&ecirc;́m th&ocirc;ng tin khi kh&ocirc;ng có k&ecirc;́t n&ocirc;́i internet. Nhờ loại bỏ toàn b&ocirc;̣ code kh&ocirc;ng c&acirc;̀n thi&ecirc;́t, hai anh em nhà Collison đã tích hợp được mọi thứ vào m&ocirc;̣t t&acirc;̣p tin có th&ecirc;̉ tải xu&ocirc;́ng iPhone. Họ cũng đã tạo ra cách đ&ecirc;̉ quản lý những cu&ocirc;̣c đ&acirc;́u giá tr&ecirc;n EBay và bán c&ocirc;ng ty mang t&ecirc;n Auctomatic Inc. này với giá 5 tri&ecirc;̣u USD vào năm 2008.</p>\r\n\r\n<p>Cu&ocirc;́i năm 2009, hai anh em bỏ học đ&ecirc;̉ theo đu&ocirc;̉i ý tưởng mà sau này trở thành Stripe. Họ mở m&ocirc;̣t văn phòng ở Palo Alto, đ&ocirc;́i di&ecirc;̣n trụ sở cũ của PayPal. Hai anh em Collison thường đạp xe tới văn phòng và lu&ocirc;n ướt đ&acirc;̃m m&ocirc;̀ h&ocirc;i do chạy đua với nhau.&nbsp;<em>&quot;Có th&ecirc;̉ họ mu&ocirc;́n tăng tính cạnh tranh trong nhau nhưng cũng có th&ecirc;̉ họ quá hà ti&ecirc;̣n, kh&ocirc;ng mu&ocirc;́n chi ti&ecirc;̀n cho m&ocirc;̣t chi&ecirc;́c xe hơi</em>&quot;, Mike Moritz, m&ocirc;̣t trong những nhà đ&acirc;̀u tư đ&acirc;̀u ti&ecirc;n của PayPal chia sẻ.</p>\r\n\r\n<p><em>&quot;Họ là những người khi&ecirc;m t&ocirc;́n và toàn di&ecirc;̣n. Có r&acirc;́t nhi&ecirc;̀u đi&ecirc;̀u kh&ocirc;ng tưởng trong c&acirc;u chuy&ecirc;̣n của họ, ai mà tin được hai anh em tới từ m&ocirc;̣t ng&ocirc;i làng nhỏ lại có th&ecirc;̉ tạo ra thứ có th&ecirc;̉ là m&ocirc;̣t trong những c&ocirc;ng ty quan trọng nh&acirc;́t internet&quot;,</em>&nbsp;Moritz, người cũng là đ&ocirc;́i tác của Sequora Capital và thành vi&ecirc;n quản trị của Stripe, nh&acirc;̣n định.</p>\r\n\r\n<p>Stripe ra mắt vào năm 2011 với Patrick làm CEO và John làm chủ tịch. Hai anh em đã trải qua hai năm thử nghi&ecirc;̣m dịch vụ của họ và tạo m&ocirc;́i quan h&ecirc;̣ với các ng&acirc;n hàng, các c&ocirc;ng ty thẻ tìn dụng và các nhà quản lý đ&ecirc;̉ khách hàng kh&ocirc;ng phải làm những đi&ecirc;̀u &acirc;́y. Với Stripe, t&acirc;́t cả những gì mà các startup c&acirc;̀n làm là<strong>&nbsp;th&ecirc;m 7 dòng code vào trang web của họ đ&ecirc;̉ xử lý các thanh toán</strong>. Những gì trước đ&acirc;y phải m&acirc;́t tới m&ocirc;̣t tu&acirc;̀n đ&ecirc;̉ thi&ecirc;́t l&acirc;̣p thì nay chỉ c&acirc;̀n cut và paste th&ecirc;́ là xong. Các coder ở Silicon Valley cũng ngay l&acirc;̣p tức thán phục ki&ecirc;́n trúc mới cực kỳ tao nhã này của anh em nhà Collison.</p>\r\n\r\n<p>Với sự giúp đỡ của các nhà phát tri&ecirc;̉n, Stripe th&ecirc;̉ hi&ecirc;̣n được t&acirc;̀m quan trọng của mình với các startup trong những ngày đ&acirc;̀u. Và c&ocirc;ng ngh&ecirc;̣ của nó được tạo ra cho những m&ocirc; hình kinh doanh hi&ecirc;̣n tại. Ví dụ, các hãng x&acirc;y dựng thị trường như Shopify c&acirc;̀n xử lý thanh toán cho cả các nhà cung c&acirc;́p và khách hàng, những startup chia sẻ như Lyft phải chuy&ecirc;̉n ti&ecirc;̀n cho cả lái xe và người đi xe.</p>\r\n\r\n<p>C&acirc;̀n tới sáu tháng đ&ecirc;̉ x&acirc;y dựng và thi&ecirc;́t l&acirc;̣p m&ocirc;̣t n&ecirc;̀n tảng k&ecirc;́ toán đ&ecirc;̉ Lyft có th&ecirc;̉ trả ti&ecirc;̀n cho cả lái xe và tính phí hàng tri&ecirc;̣u khách hàng.&nbsp;<em>&quot;Bạn phải theo dõi xem ai nh&acirc;̣n được khoản ti&ecirc;̀n nào và họ đã nh&acirc;̣n được hay chưa, sau đó bạn còn phải đ&ocirc;́i mặt với những rắc r&ocirc;́i v&ecirc;̀ pháp lu&acirc;̣t&quot;</em>, John nói.<em>&nbsp;&quot;Những gì mà các startup c&acirc;̀n làm đ&ecirc;̉ quản lý giao dịch là c&ocirc;ng vi&ecirc;̣c khó khăn. Chúng t&ocirc;i có th&ecirc;̉ làm đi&ecirc;̀u đó cho họ đ&ecirc;̉ họ t&acirc;̣p trung vào phát tri&ecirc;̉n doanh nghi&ecirc;̣p&quot;.</em></p>\r\n\r\n<p>Dù các startup đánh giá cao những gì Stripe đang làm nhưng h&acirc;̀u h&ecirc;́t các nhà đ&acirc;̀u tư lại kh&ocirc;ng nghĩ v&acirc;̣y. M&ocirc;̣t nhóm nhỏ các kỹ sư trẻ làm th&ecirc;́ nào đ&ecirc;̉ thay đ&ocirc;̉i c&acirc;́u trúc tài chính của internet? Họ kh&ocirc;ng bi&ecirc;́t tới sự t&ocirc;̀n tại của PayPal ư? Trớ tr&ecirc;u thay, đó là những c&acirc;u hỏi mà cả Moritz và những đ&ocirc;̀ng sáng l&acirc;̣p của PayPal là Peter Thiel và Elon Musk mu&ocirc;́n tìm c&acirc;u trả lời. Họ nh&acirc;̣n ra rằng c&ocirc;ng ngh&ecirc;̣ của PayPal đã kh&ocirc;ng theo kịp thời đại.</p>\r\n\r\n<p><em>&quot;Cánh quạt của con tàu PayPal đã bị bọc chặt và th&acirc;n tàu đã bị hàu bám kín k&ecirc;̉ từ khi chúng t&ocirc;i đ&acirc;̀u tư vào c&ocirc;ng ty này cách đ&acirc;y m&ocirc;̣t th&acirc;̣p kỷ&quot;,</em>&nbsp;Moritz nói.</p>\r\n\r\n<p>Ngày nay, Stripe là c&ocirc;ng cụ tài chính của hơn 100.000 doanh nghi&ecirc;̣p. Nó lưu trữ th&ocirc;ng tin tài chính quan trọng như s&ocirc;́ thẻ tín dụng, đ&ocirc;́i phó với gian l&acirc;̣n và b&ocirc;̉ sung h&ocirc;̃ trợ cho những dịch vụ mới xu&acirc;́t hi&ecirc;̣n như Apple Pay. Stripe tính phí khoảng 2,9% giá trị giao dịch thanh toán bằng thẻ tín dụng qua h&ecirc;̣ th&ocirc;́ng của họ, mức phí có th&ecirc;̉ giảm với những giao dịch giá trị lớn. Stripe kh&ocirc;ng ti&ecirc;́t l&ocirc;̣ s&ocirc;́ lượng giao dịch mà họ xử lý nhưng các nhà ph&acirc;n tích ước tính rằng con s&ocirc;́ này có th&ecirc;̉ đạt g&acirc;̀n 50 tỷ USD m&ocirc;̃i năm.</p>\r\n\r\n<p>Như v&acirc;̣y, doanh thu của Stripe rơi vào khoảng 1,5 tỷ USD. Lợi nhu&acirc;̣n mà Stripe thu được là những gì còn lại sau khi ng&acirc;n hàng tính phí dịch vụ của họ. Trung bình, các ng&acirc;n hàng có th&ecirc;̉ thu tới 2,5% nhưng Patrick khẳng định rằng lợi nhu&acirc;̣n của Stripe lớn hơn nhi&ecirc;̀u so với ước tính của mọi người, con s&ocirc;́ cụ th&ecirc;̉ kh&ocirc;ng được ti&ecirc;́t l&ocirc;̣.</p>\r\n\r\n<p>Mức lợi nhu&acirc;̣n th&acirc;́p chứng minh c&acirc;u nói b&acirc;́t hủ trong ngành c&ocirc;ng nghi&ecirc;̣p: Dịch vụ thanh toán kh&ocirc;ng th&ecirc;̉ ki&ecirc;́m ra ti&ecirc;̀n. Stripe đang trong m&ocirc;̣t vũ trụ lu&acirc;̉n qu&acirc;̉n nơi bị th&ocirc;́ng trị bởi các ng&acirc;n hàng và c&ocirc;ng ty thẻ tín dụng và bị ràng bu&ocirc;̣c bởi các quy định. Tuy nhi&ecirc;n, do thanh toán chẳng phải cạnh tranh với b&acirc;́t cứ đi&ecirc;̀u gì ngoài lu&ocirc;̀ng giao dịch toàn c&acirc;̀u n&ecirc;n kh&ocirc;ng thi&ecirc;́u đơn vị tham gia.</p>\r\n\r\n<p>Đ&ocirc;́i thủ trực ti&ecirc;́p của Stripe là Braintree Payment Solutions LLC, c&ocirc;ng ty con của PayPal, và Adyen BV của Hà Lan. Hi&ecirc;̣n Adyen BV đang hợp tác, xử lý m&ocirc;̣t lượng lớn giao dịch cho các thương hi&ecirc;̣u như Netflix, Airbnb và Uber.</p>\r\n\r\n<p>Trong khi đó, Square Inc. t&acirc;̣p trung vào vi&ecirc;̣c xử lý giao dịch bán hàng trực tuy&ecirc;́n, Google và Apple t&acirc;̣p trung vào giao dịch tr&ecirc;n smartphone và các c&ocirc;ng ty như Alibaba có n&ecirc;̀n tảng ri&ecirc;ng. Những hãng xử lý thanh toán cũ, Chase Paymentech Solutions LLC, First Data Corp, hợp tác với các hãng bán lẻ truy&ecirc;̀n th&ocirc;́ng lớn, cũng đang c&ocirc;́ gắng hi&ecirc;̣n đại hóa c&ocirc;ng ngh&ecirc;̣ của mình.</p>\r\n\r\n<p>Trong khi ti&ecirc;́p tục thu hút các startup, Stripe cũng có ý định hợp tác với Uber và Airbnb trong tương lai. &quot;N&ecirc;́u bi&ecirc;́t quỹ đạo r&ocirc;̣ng lớn của internet bạn sẽ ti&ecirc;́p tục th&acirc;́y những thành c&ocirc;ng đ&ocirc;̣t phá&quot;, Patrick nói. Tuy nhi&ecirc;n, Stripe cũng đang c&ocirc;́ gắng đ&ecirc;̉ ký hợp đ&ocirc;̀ng với Target Corp., Under Armour Inc..., và các hãng bán lẻ khác nhằm tìm ki&ecirc;́m ngu&ocirc;̀n doanh thu b&ecirc;n ngoài các startup. Khả năng hợp tác của Stripe với những đ&ocirc;́i tác k&ecirc;̉ tr&ecirc;n là khá cao sau khi họ thi&ecirc;́t l&acirc;̣p quan h&ecirc;̣ đ&ocirc;́i tác với Amazon.</p>\r\n\r\n<p>Trong năm 2016, Stripe chuy&ecirc;̉n văn phòng tới ngay cạnh AT&amp;T Park ở qu&acirc;̣n SoMa, San Francisco, nơi t&acirc;̣p trung nhi&ecirc;̀u startup. Trước đó, Dropbox thu&ecirc; khu văn phòng này và chia nó thành các kh&ocirc;ng gian nhỏ với qu&acirc;̀y bar, studio, phòng Lego... Anh em nhà Collison đã dọn bỏ t&acirc;́t cả những thứ đó. Nhà b&ecirc;́p, nơi nh&acirc;n vi&ecirc;n Dropbox ăn t&ocirc;́i với những đĩa ăn ri&ecirc;ng bi&ecirc;̣t, nay trở thành quán cafe với những dãy bàn thoải mái.&nbsp;<em>&quot;Ch&acirc;̀m ch&acirc;̣m và đ&acirc;̀y khao khát chính là cảm giác chờ đợi đ&ocirc;̀ ăn tại đ&acirc;y&quot;</em>, Patrick nói.</p>\r\n\r\n<p>Vào m&ocirc;̣t ngày mùa xu&acirc;n, nhạc pop vang l&ecirc;n trong sảnh chờ được t&ocirc; đi&ecirc;̉m bởi những giò hoa phong lan trắng. Tr&ecirc;n bàn cà ph&ecirc; là những cu&ocirc;́n sách, ti&ecirc;̉u thuy&ecirc;́t. C&ocirc;ng ty được thi&ecirc;́t k&ecirc;́ theo dạng sàn mở và nh&acirc;n vi&ecirc;n đ&ocirc;̉i bàn m&ocirc;̃i tháng m&ocirc;̣t l&acirc;̀n đ&ecirc;̉ gặp gỡ đ&ocirc;̀ng nghi&ecirc;̣p mới. M&ocirc;̣t thu&acirc;̣t toán sẽ giúp nh&acirc;n vi&ecirc;n chọn bạn ăn trưa tại những băng gh&ecirc;́ t&acirc;̣p th&ecirc;̉. Những dòng chữ tr&ecirc;n t&acirc;́m bi&ecirc;̉n ở trước khu nhà v&ecirc;̣ sinh ghi rõ: &quot;Chúng t&ocirc;i tin rằng giới tính kh&ocirc;ng phải s&ocirc;́ nhị ph&acirc;n. Hãy sử dụng nhà v&ecirc;̣ sinh mà bạn cảm th&acirc;́y thoải mái nh&acirc;́t&quot;.</p>\r\n\r\n<p>Những cu&ocirc;́n sách phủ kín bàn của Patrick. Trong đó có bản sao của cu&ocirc;́n The Dream Machine, vi&ecirc;́t v&ecirc;̀ JCR Licklider, m&ocirc;̣t chuy&ecirc;n gia c&ocirc;ng ngh&ecirc;̣ đã dựng l&ecirc;n và tài trợ cho khái ni&ecirc;̣m đ&acirc;̀u ti&ecirc;n v&ecirc;̀ internet. Do cu&ocirc;́n sách đã kh&ocirc;ng còn bán n&ecirc;n Patrick đã mua bản quy&ecirc;̀n và in hàng trăm bản cho anh, nh&acirc;n vi&ecirc;n và các vị khách.</p>\r\n\r\n<p>Hình n&ecirc;̀n tr&ecirc;n máy tính Patrick là chi&ecirc;́c đ&ocirc;̀ng h&ocirc;̀ đ&ecirc;́m ngược của cu&ocirc;̣c đời anh. Nó hi&ecirc;̉n thị rằng Patrick còn 52 năm và vài ngày.<em>&nbsp;&quot;Đ&acirc;y là m&ocirc;̣t ước tính có ph&acirc;̀n th&ocirc; sơ nhưng lu&ocirc;n nhắc nhở rằng bạn đang già đi m&ocirc;̣t cách nhanh chóng&quot;</em>, anh nói, mái tóc đỏ đã pha m&ocirc;̣t chút màu xám.&nbsp;<em>&quot;Khi bạn nói chuy&ecirc;̣n với những người gia, m&ocirc;̣t vài người trong s&ocirc;́ họ ước rằng có th&ecirc;̉ t&acirc;̣n hưởng nhi&ecirc;̀u hơn nhưng đa s&ocirc;́ họ ước rằng mình kh&ocirc;ng lãng phí nhi&ecirc;̀u thời gian trong quá khứ&quot;.</em></p>\r\n\r\n<p>Hai anh em có chung sở thích đọc sách và ở chung trong m&ocirc;̣t căn h&ocirc;̣. Họ thích nói chuy&ecirc;̣n với nhau v&ecirc;̀ c&ocirc;ng ngh&ecirc;̣, những chuy&ecirc;́n bay bởi cả hai đ&ecirc;̀u đã có bằng lái máy bay và đ&ecirc;̀u kh&ocirc;ng bi&ecirc;́t nhi&ecirc;̀u lắm v&ecirc;̀ văn hóa nhạc pop. Cu&ocirc;́i tu&acirc;̀n, John thu&ecirc; m&ocirc;̣t sinh vi&ecirc;n Stanford dạy anh v&ecirc;̀ lu&acirc;̣t trong khi đó Patrick có m&ocirc;̣t người dạy kèm v&ecirc;̀ v&acirc;̣t lý.</p>\r\n\r\n<p>Khi kh&ocirc;ng đi bay, họ chạy t&acirc;̣p th&ecirc;̉ dục và c&acirc;̣p nh&acirc;̣t trạng thái, ảnh l&ecirc;n Strava, m&ocirc;̣t mạng xã h&ocirc;̣i dành ri&ecirc;ng cho những người thích t&acirc;̣p th&ecirc;̉ dục. Trong những l&acirc;̀n c&ocirc;ng ty t&ocirc;̉ chức thi chạy, Patrick thường tụt lại phía sau đ&ecirc;̉ tán g&acirc;̃u với những người chạy ch&acirc;̣m nh&acirc;́t. Đ&ocirc;i khi, John tự làm những chi&ecirc;́c pancake vào bu&ocirc;̉i sáng sau khi v&ecirc;̣ sinh và t&acirc;̣p th&ecirc;̉ dục.</p>\r\n\r\n<p>Ba năm trước, Stripe có 80 nh&acirc;n vi&ecirc;n. B&acirc;y giờ họ có 750 người. C&ocirc;ng ty đang ti&ecirc;́p tục c&ocirc;́ gắng đ&ecirc;̉ l&acirc;́y lòng các nhà phát tri&ecirc;̉n. G&acirc;̀n đ&acirc;y, họ thu&ecirc; Susan Fowler, người đã t&ocirc;́ cáo văn hóa qu&acirc;́y r&ocirc;́i tình dục ở Uber khi&ecirc;́n startup cung c&acirc;́p ứng dụng gọi xe phải ti&ecirc;́n hành m&ocirc;̣t cu&ocirc;̣c đi&ecirc;̀u tra n&ocirc;̣i b&ocirc;̣ và CEO Travis Kalanick phải từ chức. Tại Stripe, Fowler giám sát m&ocirc;̣t &acirc;́n ph&acirc;̉m n&ocirc;̣i b&ocirc;̣ mang t&ecirc;n Increment ra mắt s&ocirc;́ mới hàng quý và đăng tải những c&acirc;u chuy&ecirc;̣n v&ecirc;̀ các những kỹ sư ở các c&ocirc;ng ty khác giải quy&ecirc;́t v&acirc;́n đ&ecirc;̀. Stripe cũng mua lại Indie Hacker, m&ocirc;̣t trang chuy&ecirc;n nghi&ecirc;n cứu v&ecirc;̀ các c&ocirc;ng cụ ứng dụng và ph&acirc;̀n m&ecirc;̀m.</p>\r\n\r\n<p>K&ecirc;́ hoạch của anh em Collison là đưa những c&ocirc;ng cụ mới vào sản ph&acirc;̉m chính của họ khi&ecirc;́n khoản phí 2,9% trở n&ecirc;n đáng giá hơn. M&ocirc;̣t trong những tính năng, mang t&ecirc;n Radar, có th&ecirc;̉ giúp phát hi&ecirc;̣n gian l&acirc;̣n, lừa đảo trong h&ecirc;̣ th&ocirc;́ng. Stripe sử dụng AI đ&ecirc;̉ ph&acirc;n tích các khoản thanh toán tr&ecirc;n mạng của họ và xác định các hoạt đ&ocirc;̣ng đáng nghi.</p>\r\n\r\n<p>&nbsp;</p>\r\n', '2017-09-08 14:40:12', 'hinhanh1.jpg', 19, 0, 0, 1, 19);
INSERT INTO `news` (`id`, `name`, `preview`, `detail`, `date_create`, `picture`, `cat_id`, `is_slide`, `view`, `user_id`, `cat_parent`) VALUES
(32, 'Cách mạng 4.0 đến, một doanh nghiệp lớn ở Hà Nội đã sa thải 80% công nhân vì robot: Chúng tôi cũng đau xót lắm!', '<h2>Đức Giang l&agrave; c&ocirc;ng ty h&oacute;a chất h&agrave;ng đầu Việt Nam, c&oacute; m&atilde; giao dịch tr&ecirc;n s&agrave;n chứng kho&aacute;n l&agrave; DGC. Mới đ&acirc;y, vị Tổng gi&aacute;m đốc c&ocirc;ng ty đ&atilde; c&oacute; chia sẻ chua x&oacute;t: &#39;Nh&agrave; m&aacute;y 100 người th&igrave; chỉ c&ograve;n 10 -15 người trụ lại, ch&uacute;ng t&ocirc;i cũng đau x&oacute;t lắm&#39;</h2>\r\n', '<p>3 th&aacute;ng trước, Đại học Oxford c&ocirc;ng bố lộ tr&igrave;nh mất việc v&agrave;o tay robot của lo&agrave;i người. Đến thời điểm 1 th&aacute;ng trước, một nh&agrave; m&aacute;y ở B&igrave;nh Dương cũng phải cho 90% c&ocirc;ng nh&acirc;n nghỉ việc v&igrave; đ&atilde; c&oacute; hệ thống robot l&agrave;m thay c&aacute;c c&ocirc;ng việc.</p>\r\n\r\n<p>L&uacute;c n&agrave;y, những người c&ocirc;ng nh&acirc;n tr&igrave;nh độ thấp, tr&ecirc;n to&agrave;n thế giới hay l&agrave; tại cả 340 khu c&ocirc;ng nghiệp ở Việt Nam, c&oacute; lẽ đang rất lo lắng rằng rồi m&igrave;nh sẽ trở th&agrave;nh nạn nh&acirc;n tiếp theo bị đ&agrave;o thải bởi robot.</p>\r\n\r\n<p><strong>Với doanh nghiệp ch&uacute;ng t&ocirc;i: &#39;C&aacute;c anh cứ y&ecirc;n t&acirc;m&#39;!</strong></p>\r\n\r\n<p>Mới đ&acirc;y, lần đầu ti&ecirc;n, một l&atilde;nh đạo doanh nghiệp Việt Nam đ&atilde; l&ecirc;n tiếng về c&acirc;u chuyện n&agrave;y trong một hội thảo về c&aacute;ch mạng 4.0 hồi giữa th&aacute;ng 8. Cụ thể, &ocirc;ng Đ&agrave;o Hữu Huyền, C&ocirc;ng ty Cổ phần bột giặt v&agrave; h&oacute;a chất Đức Giang cho rằng nguy cơ robot thay thế con người l&agrave; ho&agrave;n to&agrave;n c&oacute; thật ở Việt Nam.</p>\r\n\r\n<p>Cũng n&oacute;i về tr&agrave;o lưu n&agrave;y, &ocirc;ng Huyền cũng chia sẻ một c&aacute;ch chua x&oacute;t:<strong>&nbsp;&quot;Với doanh nghiệp th&igrave; &lsquo;c&oacute; thể theo kịp được&rsquo;, nhưng với c&aacute;c c&ocirc;ng nh&acirc;n th&igrave; thực sự &lsquo;rất đau x&oacute;t&rsquo;.</strong></p>\r\n\r\n<p>Theo &ocirc;ng Huyền th&igrave; thuật ngữ &#39;cuộc c&aacute;ch mạng c&ocirc;ng nghiệp 4.0&#39;, đối với doanh nghiệp Việt Nam, n&ecirc;n được hiểu đơn giản l&agrave; việc tự động h&oacute;a đến mức tối đa kh&acirc;u sản xuất. V&agrave; hiện c&aacute;c doanh nghiệp Việt Nam đ&atilde; bắt đầu bắt kịp, hoặc l&agrave; đ&atilde; &yacute; thức được với một xu hướng đang l&ecirc;n tr&ecirc;n thế giới.</p>\r\n\r\n<p>&ldquo;N&oacute;i về c&aacute;ch mạng c&ocirc;ng nghiệp 4.0 th&igrave; t&ocirc;i n&oacute;i thật l&agrave; b&acirc;y giờ dưới c&aacute;c x&iacute; nghiệp ch&uacute;ng t&ocirc;i đ&atilde; triển khai tự động h&oacute;a rồi, đ&atilde; &yacute; thức người m&aacute;y hơn hẳn người b&igrave;nh thường rồi&rdquo;, vị gi&aacute;m đốc n&agrave;y chia sẻ.</p>\r\n\r\n<p>Đối với ri&ecirc;ng Đức Giang, việc để m&aacute;y m&oacute;c tự l&agrave;m giờ đ&acirc;y đ&atilde; được ứng dụng v&agrave;o nhiều kh&acirc;u sản xuất kh&aacute;c nhau như b&oacute;n ph&acirc;n, đ&oacute;ng g&oacute;i ho&agrave;n to&agrave;n.&nbsp;<strong>&ldquo;Kh&ocirc;ng cần n&oacute;i đ&acirc;u xa 4.0, n&oacute;i chung l&agrave; ch&uacute;ng t&ocirc;i đ&atilde; tự động h&oacute;a tối đa kh&acirc;u sản xuất&rdquo;</strong>, &ocirc;ng n&oacute;i.</p>\r\n\r\n<p>N&acirc;ng cao sự hiện diện của m&aacute;y m&oacute;c cũng đồng nghĩa với vai tr&ograve; của con người được giảm bớt. Theo vị tổng gi&aacute;m đốc c&ocirc;ng ty Đức Giang th&igrave; giờ đ&acirc;y tại Việt Nam, kh&aacute;i niệm nh&agrave; m&aacute;y với chỉ v&agrave;i ba người đ&atilde; bắt đầu trở th&agrave;nh phổ th&ocirc;ng, chứ kh&ocirc;ng chỉ l&agrave; từ ngữ tr&ecirc;n b&aacute;o ch&iacute;.</p>\r\n\r\n<p>Tất nhi&ecirc;n những nh&acirc;n lực n&agrave;y l&agrave; những người c&oacute; tr&igrave;nh độ cao, sẽ thực hiện c&ocirc;ng việc điều phối hoạt động của cả nh&agrave; m&aacute;y. &Ocirc;ng Huyền đặt niềm tin v&agrave;o điều n&agrave;y bởi theo &ocirc;ng th&igrave; &quot;c&aacute;c kỹ sư Việt Nam giờ đ&acirc;y đ&atilde; rất nhanh nhạy với c&aacute;i mới, chịu học hỏi v&agrave; bắt kịp rất nhanh&quot;.</p>\r\n\r\n<p><strong>N&oacute;i chung, những lời bộc bạch rất thật của &ocirc;ng khiến người ta tin rằng doanh nghiệp Việt đang tr&ecirc;n đường theo kịp với xu hướng &lsquo;robot h&oacute;a&rsquo; hiện diện tr&ecirc;n thế giới. &ldquo;</strong>Nh&acirc;n hội nghị h&ocirc;m nay, ch&uacute;ng t&ocirc;i n&oacute;i những c&aacute;i thực chất, c&aacute;c anh cứ y&ecirc;n t&acirc;m với sức cạnh tranh của doanh nghiệp Việt Nam&rdquo;, &ocirc;ng Huyền lạc quan cho biết.</p>\r\n\r\n<p>Cũng theo dự đo&aacute;n của &ocirc;ng th&igrave; trong tương lai, b&ecirc;n cạnh m&aacute;y m&oacute;c th&igrave; một tầng lớp người lao động mới sẽ xuất hiện. &ldquo;Tương lai t&ocirc;i nghĩ c&ocirc;ng ty sẽ chỉ c&oacute; v&agrave;i trăm c&ocirc;ng nh&acirc;n, văn ph&ograve;ng được tự động h&oacute;a. Ch&uacute;ng t&ocirc;i sẽ mời c&aacute;c nh&acirc;n sự c&oacute; khả năng c&ocirc;ng nghệ th&ocirc;ng tin cao về l&agrave;m việc&rdquo;, doanh nh&acirc;n n&agrave;y trầm ng&acirc;m cho biết.</p>\r\n\r\n<p><strong>Nhưng với người c&ocirc;ng nh&acirc;n bị robot cướp việc: &#39;Thực tại đau x&oacute;t lắm&#39;</strong></p>\r\n\r\n<p>B&ecirc;n cạnh nhiều điểm s&aacute;ng, điều &ocirc;ng Huyền trăn trở nhất ch&iacute;nh l&agrave; những g&igrave; đang thực sự diễn ra dưới c&aacute;c ph&acirc;n xưởng với những c&ocirc;ng nh&acirc;n Việt Nam h&agrave;ng ng&agrave;y phải &#39;ấm ức&#39; nh&igrave;n robot cướp đi việc l&agrave;m của m&igrave;nh.</p>\r\n\r\n<p>V&agrave; c&oacute; vẻ như, những g&igrave; b&aacute;o ch&iacute; cảnh b&aacute;o thời gian qua l&agrave; chẳng hề ph&oacute;ng đại. Dưới g&oacute;c độ doanh nghiệp, c&ocirc;ng nghệ mang đến nhiều lợi &iacute;ch cho Đức Giang, nhưng lại đang g&acirc;y kh&oacute; cho c&aacute;c c&ocirc;ng nh&acirc;n của &ocirc;ng Huyền v&agrave; h&agrave;ng trăm ngh&igrave;n đồng nghiệp của họ tại Việt Nam.</p>\r\n\r\n<p>Từ ch&iacute;nh c&ocirc;ng ty m&igrave;nh, &ocirc;ng Huyền chia sẻ về chuyện tự động h&oacute;a đ&atilde; &lsquo;ti&ecirc;u diệt&rsquo; sức sản xuất của những c&ocirc;ng nh&acirc;n tại Đức Giang một c&aacute;ch nhanh ch&oacute;ng như thế n&agrave;o.</p>\r\n\r\n<p><strong>&ldquo;Cứ 1600 người th&igrave; 300 người bị mất việc</strong><strong>, c&aacute;c ph&ograve;ng ban của c&ocirc;ng ty t&ocirc;i giờ hoạt động tự động hết.</strong>&nbsp;Cứ thế n&agrave;y th&igrave; t&ocirc;i lo ngại v&agrave;i năm nữa g&aacute;nh nặng an sinh x&atilde; hội tỉnh L&agrave;o Cai (Đức Giang c&oacute; 1 nh&agrave; m&aacute;y sản xuất tại L&agrave;o Cai-pv) chắc sẽ tăng l&ecirc;n rất nhanh&rdquo;, &Ocirc;ng Huyền chia sẻ.</p>\r\n\r\n<p>Thậm ch&iacute; tốc độ mất việc c&ograve;n khủng khiếp hơn đối với c&aacute;c c&ocirc;ng nh&acirc;n của &ocirc;ng Huyền tại nh&agrave; m&aacute;y tại Long Bi&ecirc;n. &Ocirc;ng chia sẻ về&nbsp;<strong>d&acirc;y chuyền bột giặt tuổi đời hơn 20 năm ở đ&acirc;y, vốn c&oacute; 100 người nhưng khi m&aacute;y m&oacute;c v&agrave;o th&igrave; sẽ chỉ cần c&oacute; 10 - 15 người vận h&agrave;nh.</strong></p>\r\n\r\n<p>&quot;T&ocirc;i tự nghĩ l&agrave; c&aacute;c c&ocirc;ng nh&acirc;n buộc phải nghỉ th&igrave; sẽ l&agrave;m g&igrave;?&rdquo;, người đ&agrave;n &ocirc;ng n&agrave;y trầm ng&acirc;m tự vấn.</p>\r\n\r\n<p>So với m&aacute;y m&oacute;c, robot th&igrave; r&otilde; r&agrave;ng những người c&ocirc;ng nh&acirc;n bằng xương bằng thịt thiệt th&ograve;i hơn rất nhiều. Tổng Gi&aacute;m đốc Đức Giang lấy v&iacute; dụ: &ldquo;Robot l&agrave;m g&igrave; c&oacute; bảo hiểm, chỉ c&oacute; bảo dưỡng, bảo h&agrave;nh. C&ograve;n đối với nh&acirc;n c&ocirc;ng th&igrave; bảo hiểm nặng lắm. N&oacute;i như thế để c&aacute;c anh th&ocirc;ng cảm cho doanh nghiệp về vấn đề an sinh x&atilde; hội&rdquo;.</p>\r\n\r\n<p>Từ đ&oacute;, vị Tổng gi&aacute;m đốc ph&acirc;n t&iacute;ch rằng việc thay thế con người bằng robot sẽ chẳng l&agrave;m thiệt g&igrave; cho c&aacute;c doanh nghiệp, thậm ch&iacute; c&ograve;n mang lại lợi &iacute;ch.</p>\r\n\r\n<p><strong>Tuy nhi&ecirc;n, chuyện ngược lại xảy ra với c&aacute;c c&ocirc;ng nh&acirc;n, đ&oacute; sẽ l&agrave; một cuộc thay đổi tr&ecirc;n diện rộng m&agrave; c&aacute;ch &ocirc;ng Huyền m&ocirc; tả l&agrave; &lsquo;v&ocirc; c&ugrave;ng đau x&oacute;t&rsquo;.&nbsp;</strong>&ldquo;N&oacute;i thế để thấy ch&uacute;ng t&ocirc;i cũng đau x&oacute;t lắm. C&oacute; phải đuổi một l&uacute;c 50 &ndash; 60 người l&agrave; đơn giản đ&acirc;u&rdquo;, &ocirc;ng Huyền n&oacute;i.</p>\r\n\r\n<p>Với những c&ocirc;ng nh&acirc;n tr&igrave;nh độ thấp, cơ hội giờ đ&acirc;y c&oacute; lẽ sẽ chỉ c&ograve;n mở ra ở những doanh nghiệp t&agrave;i ch&iacute;nh c&ograve;n yếu, chưa đủ nguồn lực để sử dụng robot, m&aacute;y m&oacute;c v&agrave; vẫn cần viện đến sức người.</p>\r\n\r\n<p>Thế nhưng, đ&acirc;y cũng l&agrave; một b&agrave;i to&aacute;n đặt ra, khi m&agrave; những doanh nghiệp n&agrave;y thường c&oacute; nguồn cầu lao động kh&ocirc;ng lớn như Đức Giang, kh&oacute; l&ograve;ng đ&aacute;p ứng nguồn cung từ những người lao động đang mất việc.</p>\r\n\r\n<p>Giờ đ&acirc;y, c&aacute;ch l&agrave;m hiệu quả nhất c&oacute; lẽ l&agrave; đ&agrave;o tạo lại, hoặc đ&agrave;o tạo n&acirc;ng cao - những chủ trương m&agrave; Ch&iacute;nh phủ đang hướng tới. &quot;Nếu ch&uacute;ng ta biết l&agrave;m một c&aacute;ch b&agrave;i bản th&igrave; chắc l&agrave; kh&oacute; khăn vẫn c&oacute;, nhưng ch&uacute;ng ta cũng sẽ kh&ocirc;ng đến nỗi qu&aacute; hoang mang&quot; - &Ocirc;ng Trần Đ&igrave;nh Thi&ecirc;n n&oacute;i sau phần ph&aacute;t biểu của &ocirc;ng Huyền.Vũ H&aacute;n Theo Tr&iacute; Thức Trẻ</p>\r\n\r\n<p>&nbsp;</p>\r\n', '2017-09-08 14:42:07', 'hinhanh1.jpg', 19, 0, 0, 1, 19),
(33, 'Các thương hiệu đều báo cáo tương tác trên Facebook của họ đang sụt giảm, chuyện gì đã xảy ra?', '<h2>D&ugrave; việc hiện diện tr&ecirc;n Facebook vẫn l&agrave; một điều bắt buộc với c&aacute;c thương hiệu nhưng với sự sụt giảm tương t&aacute;c với người d&ugrave;ng, đ&acirc;y kh&ocirc;ng c&ograve;n l&agrave; mảnh đất dễ d&agrave;ng cho họ nữa.</h2>\r\n', '<p>Từ nhiều năm nay, c&aacute;c doanh nghiệp đ&atilde; dựa v&agrave;o Facebook như một phương tiện để tương t&aacute;c với kh&aacute;ch h&agrave;ng. Phương tiện truyền th&ocirc;ng x&atilde; hội n&agrave;y giờ như một quả t&ecirc;n lửa khổng lồ đối với thế giới, gi&uacute;p c&aacute;c thương hiệu v&agrave; c&aacute;c nh&agrave; xuất bản trở n&ecirc;n nổi tiếng một c&aacute;ch nhanh ch&oacute;ng nhờ dễ d&agrave;ng tiếp cận với số lượng khổng lồ người d&ugrave;ng của m&igrave;nh.</p>\r\n\r\n<p>Nhưng c&aacute;c con số thống k&ecirc; gần đ&acirc;y cho thấy, ph&eacute;p m&agrave;u của quả t&ecirc;n lửa khổng lồ kỳ diệu n&agrave;y kh&ocirc;ng c&ograve;n như trước nữa, đặc biệt l&agrave; khi đề cập đến sự tương t&aacute;c. Nếu bạn đang kh&ocirc;ng sử dụng Facebook một c&aacute;ch đ&uacute;ng đắn, quả t&ecirc;n lửa của bạn đang cưỡi mỗi ng&agrave;y dường như chỉ như một chiếc xe ngựa m&agrave; th&ocirc;i.</p>\r\n\r\n<p>Đ&oacute; ch&iacute;nh l&agrave; nhận định của Steve Rayson, bộ &oacute;c của h&atilde;ng tiếp thị BuzzSumo, người đ&atilde; ph&acirc;n t&iacute;ch hơn 880 triệu b&agrave;i đăng tr&ecirc;n Facebook của nhiều thương hiệu v&agrave; c&aacute;c nh&agrave; xuất bản trong cả năm ngo&aacute;i. Vậy &ocirc;ng kh&aacute;m ph&aacute; điều g&igrave;?</p>\r\n\r\n<p>Số lượt tương t&aacute;c trung b&igrave;nh (v&iacute; dụ như lượt like v&agrave; share) li&ecirc;n quan đến nội dung tương t&aacute;c đ&atilde; sụt giảm hơn 20% từ ri&ecirc;ng th&aacute;ng Một năm 2017 cho đến nay. V&agrave; c&aacute;c loại nội dung nhất định cũng đang kh&oacute; tiếp cận hơn những loại kh&aacute;c.</p>\r\n\r\n<p>Dưới đ&acirc;y l&agrave; những g&igrave; bạn cần biết.</p>\r\n\r\n<p><strong>Những con số đằng sau sự sụt giảm tương t&aacute;c Facebook</strong></p>\r\n\r\n<p>Cho đến nay, l&yacute; do cho sự sụt giảm n&agrave;y vẫn l&agrave; điều g&acirc;y tranh c&atilde;i. Một số người c&oacute; thể cho rằng c&aacute;c thương hiệu v&agrave; những nh&agrave; xuất bản đang chi ti&ecirc;u &iacute;t hơn cho c&aacute;c loại h&igrave;nh quảng c&aacute;o n&agrave;y, nhưng kh&ocirc;ng phải vậy.</p>\r\n\r\n<p>C&aacute;c kết nối tự nhi&ecirc;n (kh&ocirc;ng phải trả tiền - organic connections) th&ocirc;ng qua Facebook kh&ocirc;ng thực sự thường xuy&ecirc;n như những năm trước đ&acirc;y v&agrave; việc trả tiền kh&ocirc;ng b&ugrave; đắp lại được sự thiếu hụt về tương t&aacute;c. Nghi&ecirc;n cứu cho thấy sự sụt giảm về phản hồi tự nhi&ecirc;n dao động từ 42 đến 52%.</p>\r\n\r\n<p>Số lượng nội dung hiện c&oacute; tr&ecirc;n Facebook cũng đang gia tăng nhanh ch&oacute;ng, với c&aacute;c con số thống k&ecirc; cho thấy lượng feed trung b&igrave;nh c&oacute; đến 1.500 c&acirc;u chuyện kh&aacute;c nhau.</p>\r\n\r\n<p>Facebook cũng đ&atilde; điều chỉnh thuật to&aacute;n của m&igrave;nh, t&aacute;c động đến nội dung thực sự được hiển thị cho người d&ugrave;ng. Tr&ecirc;n thực tế, ngay cả tờ Chicago Tribune cũng gặp rắc rối về tương t&aacute;c với người đọc, khi tuy&ecirc;n bố rằng một phần ba b&agrave;i viết của họ kh&ocirc;ng hiển thị được v&igrave; c&aacute;c thay đổi trong thuật to&aacute;n.</p>\r\n\r\n<p><strong>C&aacute;c h&igrave;nh thức nội dung sụt giảm lớn nhất về tương t&aacute;c</strong></p>\r\n\r\n<p>C&aacute;c b&agrave;i đăng chứa h&igrave;nh ảnh v&agrave; đường link đ&atilde; l&agrave;m n&ecirc;n nền tảng cho sự th&agrave;nh c&ocirc;ng của Facebook trong suốt giai đoạn thịnh vượng của việc tiếp thị nội dung trực quan. C&aacute;c h&igrave;nh ảnh sinh động trở n&ecirc;n hấp dẫn v&agrave; cuốn h&uacute;t với đ&ocirc;i mắt người xem, khiến họ sẵn s&agrave;ng click v&agrave;o để t&igrave;m hiểu th&ecirc;m về c&aacute;c chủ đề đ&oacute;.</p>\r\n\r\n<p>Nhưng giờ, h&igrave;nh ảnh v&agrave; c&aacute;c đường link kh&ocirc;ng c&ograve;n thu h&uacute;t sự ch&uacute; &yacute; như trước nữa, với h&igrave;nh ảnh bị sụt giảm tương t&aacute;c nhanh nhất.</p>\r\n\r\n<p>&nbsp;</p>\r\n', '2017-09-08 14:43:13', 'hinhanh1.jpg', 19, 0, 0, 1, 19),
(34, 'Mặt đường đi bộ thu năng lượng từ bước chân đầu tiên trên thế giới xuất hiện', '<h2>Một con đường nhỏ ở West End (London) đ&atilde; được chuyển đổi th&agrave;nh một đoạn đường th&ocirc;ng minh, hấp thu năng lượng đầu ti&ecirc;n tr&ecirc;n thế giới, c&oacute; t&ecirc;n gọi Pavegen. Người đi bộ qua Bird Street c&oacute; thể kết nối với một ứng dụng để kiểm tra những bước ch&acirc;n của họ đ&atilde; tạo ra được bao nhi&ecirc;u điện năng.</h2>\r\n', '<p>Pavegen c&oacute; diện t&iacute;ch 10m2 nằm tr&ecirc;n phố Bird Street, khai th&aacute;c sự chuyển đổi năng lượng từ c&aacute;c bước ch&acirc;n th&agrave;nh điện năng, cung cấp năng lượng thắp s&aacute;ng đ&egrave;n đường v&agrave; bộ ph&aacute;t &acirc;m thanh như tiếng chim trong khu vực. Bộ chuyển năng lượng thấp Bluetooth cũng l&agrave; một phần trong hệ thống n&agrave;y gi&uacute;p cho người d&ugrave;ng c&oacute; thể tương t&aacute;c th&ocirc;ng qua c&aacute;c ứng dụng. Người đi đường c&oacute; thể thấy c&aacute;c bước ch&acirc;n của họ chuyển th&agrave;nh năng lượng sạch v&agrave; họ sẽ nhận được những thẻ giảm gi&aacute; mua h&agrave;ng.</p>\r\n\r\n<p>Gi&aacute;m đốc điều h&agrave;nh Pavegen, Laurence Kemball-Cook khẳng định rằng với việc lắp đặt tại Washington D.C v&agrave; c&aacute;c trung t&acirc;m giao th&ocirc;ng quan trọng bao gồm Heathrow đ&atilde; chứng minh rằng c&ocirc;ng nghệ hiện đại c&oacute; thể chuyển biến năng lượng th&agrave;nh những trải nghiệm mua sắm. Trong khi với c&aacute;c nh&agrave; b&aacute;n lẻ cạnh tranh trực tuyến th&igrave; c&ocirc;ng nghệ của Pavegen mang lại những trải nghiệm th&uacute; vị v&agrave; bổ &iacute;ch hơn cho người ti&ecirc;u d&ugrave;ng.</p>\r\n\r\n<p>Một c&ocirc;ng nghệ bền vững kh&aacute;c được lắp đặt tr&ecirc;n con phố Bird Street bao gồm băng ghế CleanAir của Airlab c&oacute; thể h&uacute;t khi nitrogen dioxide từ kh&ocirc;ng kh&iacute; để tạo ra những bong b&oacute;ng kh&iacute; sạch.</p>\r\n\r\n<p>Những c&ocirc;ng nghệ s&aacute;ng tạo ở Bird Street c&oacute; thể được &aacute;p dụng ở nhiều khu vực kh&aacute;c ở London trong thời gian tới với mục ti&ecirc;u cải thiện đường phố đ&ocirc; thị.</p>\r\n\r\n<p>Tuy chỉ mới đang th&iacute; điểm m&ocirc; h&igrave;nh hợp t&aacute;c đặc biệt n&agrave;y, nhưng Pavegen đang nhận được sự hưởng ứng của đa số người d&acirc;n. Pavegen hứa hẹn sẽ gi&uacute;p thay đổi bộ mặt đ&ocirc; thị tr&ecirc;n thế giới.</p>\r\n', '2017-09-08 14:46:08', 'hinhanh1.jpg', 2, 0, 0, 1, 2),
(35, 'vKhông phải ai cũng biết đeo tai nghe thế này sẽ giúp bạn nghe nhạc hay hơn gấp mấy lần', '<h2>H&atilde;y bỏ c&aacute;ch đeo tai nghe cũ v&agrave; chuyển sang kiểu mới n&agrave;y nh&eacute;.</h2>\r\n', '<p>C&oacute; bao giờ bạn gặp t&igrave;nh trạng tai nghe bị rơi (nhất l&agrave; tai nghe EarPods của Apple) khi chạy nhảy, tập gym hoặc thực hiện những việc nặng kh&ocirc;ng? Hoặc c&oacute; bao giờ m&agrave; bạn đ&atilde; kh&oacute; chịu khi d&acirc;y tai nghe cứ đung đưa g&acirc;y ra những tiết sột soạt khi bạn nghe nhạc kh&ocirc;ng? Đ&acirc;y l&agrave; những nhược điểm cố hữu của loại tai nghe c&oacute; d&acirc;y kể từ l&uacute;c ch&uacute;ng xuất hiện tr&ecirc;n thị trường.</p>\r\n\r\n<p>C&aacute;c nh&agrave; sản xuất đ&atilde; khắc phục điều n&agrave;y bằng c&aacute;ch sản xuất ra những loại tai nghe c&oacute; m&oacute;c v&agrave;o v&agrave;nh tai để cố định, hoặc sản xuất ra tai nghe kh&ocirc;ng d&acirc;y. Nhưng rất may mắn l&agrave; ch&uacute;ng ta c&oacute; thể khắc phục phần lớn nhược điểm tr&ecirc;n bằng một mẹo rất đơn giản: đeo ngược v&agrave; m&oacute;c d&acirc;y v&ograve;ng qua v&agrave;nh tai bạn. V&iacute; dụ như những h&igrave;nh dưới đ&acirc;y:</p>\r\n\r\n<p>C&aacute;ch đeo n&agrave;y sẽ l&agrave;m giảm sự rung động của d&acirc;y truyền đến tai nghe, khiến cho &acirc;m thanh của tai nghe kh&ocirc;ng c&ograve;n những tiếng &quot;sột soạt&quot; nữa. Ngo&agrave;i ra, bạn c&ograve;n c&oacute; thể đeo tai nghe trong thời gian d&agrave;i m&agrave; vẫn thoải m&aacute;i v&igrave; l&uacute;c n&agrave;y bạn kh&ocirc;ng phải tốn nhiều thời gian chỉnh. Cuối c&ugrave;ng, tai nghe đeo theo c&aacute;ch n&agrave;y cũng kh&ocirc;ng dễ bị rơi như c&aacute;ch đeo th&ocirc;ng thường.</p>\r\n\r\n<p>&Agrave;, nếu c&aacute;c bạn vẫn c&ograve;n đang băn khoăn, th&igrave; c&aacute;ch đeo n&agrave;y kh&ocirc;ng l&agrave;m nhạc bị &quot;ngược&quot; đ&acirc;u, n&ecirc;n h&atilde;y y&ecirc;n t&acirc;m nh&eacute;.</p>\r\n', '2017-09-08 14:47:16', 'hinhanh1.jpg', 16, 0, 0, 1, 16),
(36, '4 lý do cử nhân CNTT chuẩn quốc tế được săn đón', '<h2>Với việc h&agrave;ng loạt c&ocirc;ng ty gia c&ocirc;ng v&agrave; sản xuất phần mềm quốc tế quyết định mở rộng quy m&ocirc; v&agrave; đặt trụ sở tại Việt Nam, nhu cầu đối với kỹ sư CNTT đang tăng cao hơn bao giờ hết.</h2>\r\n', '<p>Tuy nhi&ecirc;n, d&ugrave; đ&atilde; đưa ra mức đ&atilde;i ngộ cao c&ugrave;ng m&ocirc;i trường l&agrave;m việc v&agrave; ph&aacute;t triển hấp dẫn, c&aacute;c c&ocirc;ng ty c&ocirc;ng nghệ quốc tế vẫn phải &ldquo;đỏ mắt&rdquo; t&igrave;m người trong bối cảnh nh&acirc;n lực CNTT được đ&agrave;o tạo b&agrave;i bản, c&oacute; khả năng l&agrave;m việc trong m&ocirc;i trường quốc tế vẫn c&ograve;n khan hiếm.</p>\r\n\r\n<p>Theo gi&aacute;o sư tiến sĩ Edouard Amouroux, trưởng ng&agrave;nh CNTT ĐH RMIT Việt Nam, c&oacute; 4 l&yacute; do c&aacute;c kỹ sư ng&agrave;nh CNTT tốt nghiệp từ c&aacute;c trường đại học quốc tế được săn đ&oacute;n.</p>\r\n\r\n<p><strong>1. Kiến thức chuy&ecirc;n m&ocirc;n cập nhật theo nhu cầu thị trường</strong></p>\r\n\r\n<p>CNTT ph&aacute;t triển từng gi&acirc;y từng ph&uacute;t. C&aacute;c c&ocirc;ng ty kh&ocirc;ng ngừng &ldquo;săn l&ugrave;ng&rdquo; nh&acirc;n lực c&oacute; kiến thức chuy&ecirc;n m&ocirc;n về những xu hướng c&ocirc;ng nghệ mới nhất. V&iacute; như đối với mảng trải nghiệm người d&ugrave;ng v&agrave; ứng dụng di động đang &ldquo;hot&rdquo; tr&ecirc;n thị trường, c&aacute;c cử nh&acirc;n mới ra trường sở hữu kiến thực cập nhật về mảng n&agrave;y dễ d&agrave;ng trở th&agrave;nh ứng cử vi&ecirc;n s&aacute;ng gi&aacute; trong mắt nh&agrave; tuyển dụng.</p>\r\n\r\n<p>Với lợi thế chương tr&igrave;nh học linh hoạt, theo s&aacute;t xu hướng ph&aacute;t triển của ng&agrave;nh CNTT thế giới, kỹ sư tốt nghiệp đại học quốc tế lu&ocirc;n được cập nhật những kiến thức v&agrave; kỹ năng mới nhất. Gi&aacute;o sư Edouard cho biết, gần đ&acirc;y, ĐH RMIT Việt Nam vừa đưa v&agrave;o giảng dạy m&ocirc;n &ldquo;Thiết kế trải nghiệm người d&ugrave;ng&rdquo; v&agrave; sắp ra mắt th&ecirc;m c&aacute;c m&ocirc;n ph&aacute;t triển ứng dụng di động để gi&uacute;p sinh vi&ecirc;n đ&oacute;n đầu xu hướng thế giới.</p>\r\n\r\n<p><strong>2. Kỹ năng giao tiếp tiếng Anh chuy&ecirc;n nghiệp</strong></p>\r\n\r\n<p>T&iacute;nh quốc tế trong m&ocirc;i trường l&agrave;m việc ng&agrave;y c&agrave;ng tăng đ&ograve;i hỏi nh&acirc;n sự của ng&agrave;nh phải c&oacute; khả năng l&agrave;m việc bằng tiếng Anh chuy&ecirc;n nghiệp. Việc tuy&ecirc;n dụng c&aacute;c cử nh&acirc;n CNTT tốt nghiệp từ m&ocirc;i trường quốc tế gi&uacute;p c&aacute;c c&ocirc;ng ty giảm thiểu kinh ph&iacute; v&agrave; thời gian đ&agrave;o tạo lại tr&ecirc;n mảng kỹ năng n&agrave;y.</p>\r\n\r\n<p>L&iacute; do l&agrave;, c&aacute;c bạn đ&atilde; quen với việc trao đổi, tr&igrave;nh b&agrave;y &yacute; tưởng v&agrave; l&agrave;m việc với gi&aacute;o vi&ecirc;n, bạn b&egrave; bằng tiếng Anh trong m&ocirc;i trường quốc tế. Điều đ&oacute; gi&uacute;p họ nhanh ch&oacute;ng bắt nhịp v&agrave; c&oacute; thể trực tiếp l&agrave;m việc với kh&aacute;ch h&agrave;ng v&agrave; đội ngũ cộng sự đến từ khắp c&aacute;c quốc gia, c&aacute;c nền văn h&oacute;a tr&ecirc;n thế giới.</p>\r\n\r\n<p>Đặc biệt đối với nh&acirc;n sự cấp cao &ndash; đối tượng tuyển dụng lu&ocirc;n được c&aacute;c c&ocirc;ng ty c&ocirc;ng nghệ săn đ&oacute;n, kỹ năng mềm như kỹ năng thuyết tr&igrave;nh, giao tiếp v&agrave; đ&agrave;m ph&aacute;n... l&agrave; những ti&ecirc;u ch&iacute; bắt buộc để c&oacute; thể l&agrave;m việc trực tiếp với kh&aacute;ch h&agrave;ng quốc tế.</p>\r\n\r\n<p><strong>3. Kinh nghiệm quản l&yacute; dự &aacute;n trong thực tế</strong></p>\r\n\r\n<p>C&aacute;c c&ocirc;ng ty c&ocirc;ng nghệ thường xuy&ecirc;n c&ugrave;ng l&uacute;c ph&aacute;t triển nhiều dự &aacute;n, mỗi dự &aacute;n bao gồm nhiều c&ocirc;ng đoạn v&agrave; cần được ho&agrave;n th&agrave;nh trong một khoảng thời gian nhất định. Ngo&agrave;i kĩ năng chuy&ecirc;n m&ocirc;n, c&aacute;c chuy&ecirc;n vi&ecirc;n CNTT phải c&oacute; kỹ năng quản l&yacute;, ph&acirc;n chia c&ocirc;ng việc trong nh&oacute;m sao cho khoa học để đảm bảo tiến độ v&agrave; chất lượng của dự &aacute;n. Ngo&agrave;i ra, c&aacute;c bạn cũng phải biết c&aacute;ch tự quản l&yacute; thời gian c&aacute; nh&acirc;n để c&oacute; thể đảm đương nhiều dự &aacute;n c&ugrave;ng một l&uacute;c.</p>\r\n\r\n<p>Gi&aacute;o sư Edouard cho biết, khả năng quản l&yacute; v&agrave; tự ph&aacute;t triển dự &aacute;n ngay từ khi c&ograve;n tr&ecirc;n ghế đại học l&agrave; thế mạnh của c&aacute;c kỹ sư học tập trong m&ocirc;i trường quốc tế. Tại RMIT Việt Nam, ngay từ những m&ocirc;n học đầu ti&ecirc;n, sinh vi&ecirc;n đ&atilde; được tạo điều kiện tự đưa ra &yacute; tưởng v&agrave; ph&aacute;t triển dự &aacute;n c&aacute; nh&acirc;n hoặc dự &aacute;n nh&oacute;m. Trước khi tốt nghiệp, sinh vi&ecirc;n c&ograve;n c&oacute; cơ hội ph&aacute;t triển c&aacute;c sản phẩm thực tế dựa tr&ecirc;n đơn đặt h&agrave;ng của doanh nghiệp từ thị trường. Điều n&agrave;y cho ph&eacute;p sinh vi&ecirc;n sớm ph&aacute;t triển kỹ năng quản l&yacute; dự &aacute;n v&agrave; kh&ocirc;ng bỡ ngỡ khi đảm đương vị tr&iacute; dẫn dắt c&aacute;c dự &aacute;n trong thực tế.</p>\r\n\r\n<p><strong>4. Sự kết nối với thị trường v&agrave; c&aacute;c c&ocirc;ng ty trong ng&agrave;nh từ rất sớm</strong></p>\r\n\r\n<p>C&aacute;c c&ocirc;ng ty CNTT lu&ocirc;n ưu ti&ecirc;n tuyển dụng những cử nh&acirc;n sớm c&oacute; tiếp x&uacute;c, kết nối với thị trường. L&iacute; do l&agrave; c&aacute;c bạn c&oacute; c&oacute; c&aacute;i nh&igrave;n thực tế hơn về ng&agrave;nh, vốn hiểu biết nhất định về c&aacute;ch hoạt động, vận h&agrave;nh của c&aacute;c c&ocirc;ng ty CNTT. Điều n&agrave;y gi&uacute;p c&aacute;c bạn nhanh ch&oacute;ng th&iacute;ch nghi với m&ocirc;i trường l&agrave;m việc v&agrave; hạn chế c&aacute;c hiểu lầm dẫn đến sai phạm đ&aacute;ng tiếc.</p>\r\n\r\n<p>Về l&acirc;u về d&agrave;i, với khả năng x&acirc;y dựng, kết nối c&aacute;c mối quan hệ chuy&ecirc;n m&ocirc;n, ch&iacute;nh những c&aacute; nh&acirc;n n&agrave;y sẽ ph&aacute;t triển cơ hội nghề nghiệp, kinh doanh tốt hơn. Kh&ocirc;ng chỉ ho&agrave;n thiện bản th&acirc;n, c&aacute;c bạn c&ograve;n đem về nhiều lợi &iacute;ch cho c&ocirc;ng ty như: th&ocirc;ng tin thị trường, &yacute; tưởng mới, cơ hội hợp t&aacute;c với c&aacute;c doanh nghiệp kh&aacute;c&hellip;</p>\r\n\r\n<p>Đ&acirc;y l&agrave; điểm m&agrave; sinh vi&ecirc;n đại học quốc tế n&oacute;i chung lu&ocirc;n được tạo điều kiện ph&aacute;t triển. Mối quan hệ chặt chẽ với c&aacute;c t&ecirc;n tuổi lớn trong ng&agrave;nh cho ph&eacute;p trường thường xuy&ecirc;n tổ chức những buổi thỉnh giảng v&agrave; sự kiện giao lưu với chuy&ecirc;n gia trong ng&agrave;nh. Qua đ&oacute;, sinh vi&ecirc;n kh&ocirc;ng chỉ c&oacute; c&aacute;i nh&igrave;n thực tế hơn về ng&agrave;nh CNTT m&agrave; c&ograve;n c&oacute; thể chủ động t&igrave;m kiếm cơ hội thực tập, cộng t&aacute;c với c&aacute;c doanh nghiệp h&agrave;ng đầu khu vực.</p>\r\n\r\n<p>Bạn muốn trải nghiệm việc học v&agrave; thực h&agrave;nh như một sinh vi&ecirc;n CNTT quốc tế? C&ugrave;ng tham gia lớp học tương t&aacute;c v&agrave; t&igrave;m hiểu th&ecirc;m về chương tr&igrave;nh CNTT quốc tế của ĐH RMIT Việt Nam tại Ng&agrave;y Trải nghiệm ng&agrave;nh C&ocirc;ng nghệ 08/10/2017 sắp tới. Tại đ&acirc;y, bạn sẽ được trải nghiệm cảm gi&aacute;c tự tay viết một phần mềm hoặc game của ri&ecirc;ng m&igrave;nh nữa đấy!</p>\r\n\r\n<p>Đăng k&yacute; tham dự sự kiện tại đ&acirc;y hoặc gọi 028 3776 1369 để biết th&ecirc;m th&ocirc;ng tin chi tiết.</p>\r\n', '2017-09-08 14:48:23', 'hinhanh1.jpg', 1, 0, 0, 1, 1),
(37, 'Thế giới đằng sau các thiết bị thông minh', '<h2>Bạn đ&atilde; từng nghe về cuộc h&agrave;nh tr&igrave;nh th&uacute; vị của chiếc điện thoại th&ocirc;ng minh trước khi đến tay người d&ugrave;ng?</h2>\r\n', '<p>Mỗi thiết bị c&ocirc;ng nghệ th&ocirc;ng minh l&agrave; sản phẩm của nhiều th&aacute;ng, thậm ch&iacute; nhiều năm &ldquo;thai ngh&eacute;n&rdquo; của đội ngũ kỹ sư trước khi sản phẩm được đưa v&agrave;o sản xuất h&agrave;ng loạt v&agrave; ra mắt c&ocirc;ng ch&uacute;ng.</p>\r\n\r\n<p>C&ugrave;ng t&igrave;m hiểu những c&ocirc;ng đoạn đội ngũ thiết kế v&agrave; ph&aacute;t triển sản phẩm phải trải qua để đưa c&aacute;c thiết bị c&ocirc;ng nghệ, điển h&igrave;nh như chiếc điện thoại th&ocirc;ng minh, v&agrave;o phục vụ đời sống con người.</p>\r\n\r\n<p><strong>Eureka &ndash; &yacute; tưởng hiện ra</strong></p>\r\n\r\n<p>Mỗi thiết bị c&ocirc;ng nghệ mới đều ra đời để giải quyết một hay nhiều vấn đề. Đ&oacute; c&oacute; thể l&agrave; một vấn đề trong cuộc sống hiện đại m&agrave; c&aacute;c sản phẩm c&ocirc;ng nghệ hiện tại chưa thể đ&aacute;p ứng, l&agrave; điểm yếu của sản phẩm đời cũ hoặc nhu cầu hỗ trợ c&ocirc;ng việc đặc th&ugrave; của c&aacute;c c&ocirc;ng ty.</p>\r\n\r\n<p>Việc x&aacute;c định đ&uacute;ng vấn đề cần giải quyết đ&oacute;ng vai tr&ograve; kh&ocirc;ng nhỏ trong việc quyết định độ th&agrave;nh c&ocirc;ng v&agrave; mức độ đ&oacute;n nhận của c&ocirc;ng ch&uacute;ng với sản phẩm.</p>\r\n\r\n<p>Trước năm 1992, điện thoại chỉ đ&aacute;p ứng tốt chức năng nghe gọi, kh&ocirc;ng thỏa m&atilde;n nhu cầu nghe nhạc, xem phim v&agrave; giải tr&iacute; của người d&ugrave;ng, khiến người d&ugrave;ng phải mang theo nhiều thiết bị lỉnh kỉnh (điện thoại, m&aacute;y nghe nhạc, m&aacute;y chơi game). Chiếc điện thoại th&ocirc;ng minh m&agrave; ta đang sử dụng hằng ng&agrave;y đ&atilde; ra đời với &yacute; tưởng giải quyết vấn đề như thế.</p>\r\n\r\n<p>&Yacute; tưởng về chiếc smartphone đầu ti&ecirc;n l&agrave; chiếc điện thoại đi k&egrave;m trợ l&yacute; kỹ thuật số (PDA), trang bị m&agrave;n h&igrave;nh cảm ứng gi&uacute;p giải quyết c&ocirc;ng việc một c&aacute;ch thuận tiện. Năm 1992, IBM Simon ra mắt được coi l&agrave; điện thoại th&ocirc;ng minh đầu ti&ecirc;n với c&aacute;c chức năng như lịch, đồng hồ thế giới, gửi v&agrave; nhận email, trao đổi fax...</p>\r\n\r\n<p><strong>H&agrave;nh tr&igrave;nh t&igrave;m giải ph&aacute;p tối ưu</strong></p>\r\n\r\n<p>Sau khi x&aacute;c định vấn đề cần giải quyết, kỹ sư trưởng sẽ l&ecirc;n kế hoạch triển khai c&aacute;c kh&acirc;u ph&aacute;t triển sản phẩm. Bắt đầu l&agrave; kh&acirc;u thiết kế giải ph&aacute;p.</p>\r\n\r\n<p>Ở kh&acirc;u n&agrave;y, c&aacute;c kỹ sư phần cứng v&agrave; phần mềm sẽ c&ugrave;ng nghi&ecirc;n cứu, ph&acirc;n t&iacute;ch v&agrave; thảo luận vấn đề thật kỹ c&agrave;ng trước khi &ldquo;chốt&rdquo; giải ph&aacute;p cuối c&ugrave;ng v&agrave; bắt tay thực hiện bản thiết kế.</p>\r\n\r\n<p>Đ&acirc;y l&agrave; l&uacute;c thiết bị dần &ldquo;th&agrave;nh h&igrave;nh&rdquo; qua c&aacute;c bản thiết kế từ tổng quan cho đến chi tiết, từ c&aacute;c bộ phận ch&iacute;nh cho đến chi tiết sơ đồ mạch điện, bản mạch in&hellip;</p>\r\n\r\n<p><strong>Từ bản thiết kế đến bản mẫu</strong></p>\r\n\r\n<p>Đ&acirc;y l&agrave; giai đoạn sản phẩm ch&iacute;nh thức &ldquo;bước ra&rdquo; khỏi bản thiết kế để chuẩn bị cho qu&aacute; tr&igrave;nh thử nghiệm v&agrave; chỉnh sửa.</p>\r\n\r\n<p>Đầu ti&ecirc;n, c&aacute;c kỹ sư phần cứng sẽ chế t&aacute;c bản mẫu vật l&yacute;, từ khung, vỏ m&aacute;y b&ecirc;n ngo&agrave;i đến c&aacute;c chi tiết phức tạp b&ecirc;n trong như bo mạch, cảm biến, motor, camera&hellip;</p>\r\n\r\n<p>Sau đ&oacute;, đội ngũ kỹ sư phần mềm sẽ bắt tay viết hệ thống phần mềm điều khiển để gi&uacute;p phần cứng hoạt động ổn định, hiệu quả.</p>\r\n\r\n<p><strong>Thử nghiệm, thử nghiệm v&agrave; thử nghiệm</strong></p>\r\n\r\n<p>Từ ph&ograve;ng ph&aacute;t triển sản phẩm, bản mẫu sẽ &ldquo;chu du&rdquo; sang ph&ograve;ng th&iacute; nghiệm, nơi ch&uacute;ng phải trải qua h&agrave;ng trăm b&agrave;i &ldquo;test&rdquo; (kiểm tra chất lượng) trong điều kiện sử dụng thực tế.</p>\r\n\r\n<p>Mọi sai s&oacute;t d&ugrave; lớn hay nhỏ sẽ được c&aacute;c kỹ sư đem ra &ldquo;mổ xẻ&rdquo;, thảo luận những c&aacute;ch tốt hơn để khắc phục. Nếu cần thiết, họ sẽ phải quay lại bước thiết kế giải ph&aacute;p v&agrave; lặp lại to&agrave;n bộ quy tr&igrave;nh.</p>\r\n\r\n<p>Ch&iacute;nh chiếc điện thoại th&ocirc;ng minh của ch&uacute;ng ta cũng đ&atilde; phải trải qua hơn 50 b&agrave;i kiểm tra kh&aacute;c nhau về mọi mặt: kĩ thuật, thiết kế v&agrave; sản xuất. Ngo&agrave;i testing t&iacute;nh chất v&agrave; chức năng của một m&aacute;y điện thoại th&ocirc;ng minh, thiết bị c&ograve;n được kiểm tra trong nhiều điều kiện kh&aacute;c nhau để đảm bảo khả năng &ldquo;sống s&oacute;t tr&ecirc;n mọi mặt trận&rdquo;. V&iacute; dụ như &ldquo;chịu trận&rdquo; trong ph&ograve;ng n&oacute;ng 65oC, &ldquo;rơi tự do&rdquo; từ tr&ecirc;n cao xuống nền cứng, bị thả từ ghế ngồi xuống mặt đất li&ecirc;n tục mấy ng&agrave;n lần...</p>\r\n\r\n<p>Kết th&uacute;c c&ocirc;ng đoạn thử nghiệm, bản mẫu ho&agrave;n chỉnh sẽ được đưa v&agrave;o sản xuất đại tr&agrave; v&agrave; l&ecirc;n kế hoạch ra mắt c&ocirc;ng ch&uacute;ng. C&ugrave;ng l&uacute;c đ&oacute;, dự &aacute;n ph&aacute;t triển thế hệ sản phẩm tiếp theo đ&atilde; được khởi động&hellip;</p>\r\n', '2017-09-08 14:49:30', 'hinhanh1.jpg', 19, 0, 0, 1, 19),
(38, 'Công cụ mới của Photoshop sẽ giúp bạn tạo ra những đường cong dễ dàng hơn bao giờ hết', '<h2>Để tạo ra những đường cong ho&agrave;n hảo trong photoshop chưa bao giờ l&agrave; điều dễ d&agrave;ng cả. Nhưng ơn giời, đ&atilde; c&oacute; c&ocirc;ng cụ Curvature Pen đ&acirc;y rồi!</h2>\r\n', '<h2>Để tạo ra những đường cong ho&agrave;n hảo trong photoshop chưa bao giờ l&agrave; điều dễ d&agrave;ng cả. Nhưng ơn giời, đ&atilde; c&oacute; c&ocirc;ng cụ Curvature Pen đ&acirc;y rồi!</h2>\r\n\r\n<p>C&oacute; lẽ bất cứ ai đam m&ecirc; v&agrave; y&ecirc;u th&iacute;ch sử dụng photoshop đều biết để vẽ những đường cong ho&agrave;n hảo theo &yacute; m&igrave;nh kh&oacute; đến mức n&agrave;o. Đa số ch&uacute;ng ta thường sử dụng c&ocirc;ng cụ b&uacute;t vẽ (pen tool) để thực hiện thao t&aacute;c n&agrave;y, nhưng đ&oacute; cũng kh&ocirc;ng phải l&agrave; &yacute; tưởng tối ưu nhất.</p>\r\n\r\n<p>Nhận thức được điều n&agrave;y, cuối c&ugrave;ng Adobe cũng đ&atilde; đưa ra một giải ph&aacute;p tuyệt vời trong phi&ecirc;n bản tiếp theo của photoshop.</p>\r\n\r\n<p>C&ocirc;ng ty n&agrave;y đ&atilde; chia sẻ những h&igrave;nh ảnh đầu ti&ecirc;n của c&ocirc;ng cụ mới, tạm gọi l&agrave; b&uacute;t vẽ đường cong (curvature pen tool). C&ocirc;ng cụ n&agrave;y sẽ tự động tạo ra những đường cong tự nhi&ecirc;n nhất gi&uacute;p bạn thay v&igrave; phải tạo g&oacute;c-k&eacute;o như c&ocirc;ng cụ pen tool trước đ&acirc;y.</p>\r\n\r\n<p>H&atilde;y c&ugrave;ng xem video dưới đ&acirc;y của Adobe để h&igrave;nh dung r&otilde; hơn về c&ocirc;ng cụ mới n&agrave;y nh&eacute;!</p>\r\n\r\n<p>Curvature pen tool gi&uacute;p tạo ra c&aacute;c đường cong một c&aacute;ch nhanh ch&oacute;ng qua mỗi c&uacute; click chuột, v&agrave; khi click đ&uacute;p chuột, bạn c&oacute; thể dễ d&agrave;ng chỉnh sửa g&oacute;c cạnh của c&aacute;c đường cong đ&oacute;.</p>\r\n\r\n<p>B&ecirc;n cạnh đ&oacute;, bạn cũng c&oacute; thể thực hiện c&aacute;c thao t&aacute;c điều chỉnh như chuyển đổi giữa c&aacute;c g&oacute;c tr&ograve;n v&agrave; g&oacute;c nhọn bằng c&aacute;ch click chuột v&agrave;o c&aacute;c điểm n&uacute;t tr&ecirc;n đường cong. To&agrave;n bộ những t&iacute;nh năng n&agrave;y sẽ được Adobe t&iacute;ch hợp v&agrave;o c&aacute;c tổ hợp ph&iacute;m tắt để bạn c&oacute; thể sử dụng đơn giản hơn.</p>\r\n\r\n<p>&nbsp;</p>\r\n', '2017-09-08 14:50:35', 'hinhanh1.jpg', 2, 0, 0, 1, 2),
(39, 'Ngán ngẩm với dịch vụ chia sẻ xe đạp, một người phụ nữ lôi nhiều xe đạp ra để giữa lòng đường', '<h2>Một người phụ nữ tại TP. Th&agrave;nh Đ&ocirc;, Tứ Xuy&ecirc;n, Trung Quốc v&igrave; bất m&atilde;n với c&aacute;c dịch vụ chia sẻ xe đạp g&acirc;y chiếm dụng vỉa h&egrave; đ&atilde; quăng những chiếc xe đạp chiếm dụng xuống l&ograve;ng đường để b&agrave;y tỏ sự kh&oacute; chịu.</h2>\r\n\r\n<p>&nbsp;</p>\r\n', '<p>C&aacute;c dịch vụ chia sẻ xe đạp đ&atilde; v&agrave; đang b&ugrave;ng nổ ng&agrave;y c&agrave;ng nhiều tại c&aacute;c địa phương ở Trung Quốc. Tuy nhi&ecirc;n do kh&ocirc;ng c&oacute; cơ chế quản l&yacute; đặc th&ugrave; v&agrave; hiệu quả, dịch vụ chia sẻ xe đạp v&ocirc; t&igrave;nh trở th&agrave;nh &ldquo;c&aacute;i gai&rdquo; trong mắt ch&iacute;nh người d&acirc;n v&agrave; c&aacute;c nh&agrave; chức tr&aacute;ch.</p>\r\n\r\n<p>Tr&ecirc;n thực tế, những chiếc xe đạp để kh&ocirc;ng đ&uacute;ng quy định đang xuất hiện tr&agrave;n lan tr&ecirc;n vỉa h&egrave; tại Trung Quốc. Sự bất tiện n&agrave;y khiến bất cứ người d&acirc;n n&agrave;o cũng cảm thấy kh&oacute; chịu.</p>\r\n\r\n<p>Tuy nhi&ecirc;n vụ việc chỉ trở n&ecirc;n cao tr&agrave;o khi mới đ&acirc;y, một người phụ nữ tại TP. Th&agrave;nh Đ&ocirc;, Trung Quốc đ&atilde; l&ocirc;i h&agrave;ng loạt chiếc xe đỗ tr&ecirc;n vỉa h&egrave; v&agrave; dải xuống l&ograve;ng đường, gần trạm dừng xe bu&yacute;t. Vụ việc c&oacute; nguy&ecirc;n nhất xuất ph&aacute;t từ sự bất m&atilde;n của người phụ nữ n&agrave;y với dịch vụ chia sẻ xe đạp do đ&atilde; lấn chiếm hết kh&ocirc;ng gian vỉa h&egrave; của người đi đường.</p>\r\n\r\n<p>Những người chứng kiến kể rằng, người phụ nữ muốn tất cả mọi người đều c&oacute; thể thấu hiểu sự bực dọc của c&ocirc;. Tất nhi&ecirc;n người phụ nữ n&agrave;y đ&atilde; được c&ocirc;ng an mời về trụ sở l&agrave;m việc do c&oacute; h&agrave;nh vi g&acirc;y rối nơi c&ocirc;ng cộng.</p>\r\n\r\n<p>Nếu thường xuy&ecirc;n theo d&otilde;i c&aacute;c th&ocirc;ng tin gần đ&acirc;y, hẳn bạn sẽ biết rằng c&oacute; h&agrave;ng triệu chiếc xe đạp đang xuất hiện ng&agrave;y c&agrave;ng nhiều tr&ecirc;n đường phố Trung Quốc, thậm ch&iacute; đ&atilde; c&oacute; những &ldquo;nghĩa địa&rdquo; xe đạp, nơi cất giữa h&agrave;ng triệu chiếc xe vi phạm, đỗ bất hợp ph&aacute;p. Hoặc tại TP. Vũ H&aacute;n, c&aacute;c nh&agrave; chức tr&aacute;ch đ&atilde; ch&iacute;nh thức ra lệnh cấm dịch vụ chia sẻ xe để đảm bảo trật tự giao th&ocirc;ng v&agrave; mỹ quan đ&ocirc; thị.Ch&iacute;nh quyền tại một số địa phương hiện đ&atilde; phối hợp với c&aacute;c start-up chia sẻ xe đạp t&igrave;m hướng đi bền vững v&agrave; h&agrave;i h&ograve;a hơn với lợi &iacute;ch cộng đồng.</p>\r\n', '2017-09-08 14:51:38', 'hinhanh1.jpg', 19, 0, 0, 1, 19),
(40, 'Samsung treo thưởng lớn lên tới 200 ngàn USD nếu phát hiện được lỗi bảo mật nghiêm trọng', '<h2>G&atilde; khổng lồ c&ocirc;ng nghệ H&agrave;n Quốc vừa khởi động một chương tr&igrave;nh ph&aacute;t hiện lỗ hổng bảo mật d&agrave;nh cho tất cả c&aacute;c c&aacute; nh&acirc;n, số tiền thưởng của chương tr&igrave;nh dự kiến l&ecirc;n tới 200 ng&agrave;n USD.</h2>\r\n', '<h2>G&atilde; khổng lồ c&ocirc;ng nghệ H&agrave;n Quốc vừa khởi động một chương tr&igrave;nh ph&aacute;t hiện lỗ hổng bảo mật d&agrave;nh cho tất cả c&aacute;c c&aacute; nh&acirc;n, số tiền thưởng của chương tr&igrave;nh dự kiến l&ecirc;n tới 200 ng&agrave;n USD.</h2>\r\n\r\n<p>Chương tr&igrave;nh ph&aacute;t hiện lỗ hổng bảo mật vừa được Samsung khởi động li&ecirc;n quan tới 38 thiết bị di động của h&atilde;ng. C&aacute;c sản phẩm thuộc d&ograve;ng Galaxy S, Galaxy Note, Galaxy A-series, J-series v&agrave; d&ograve;ng Galaxy Tab. Tất nhi&ecirc;n những mẫu smartphone cao cấp như Galaxy S8, S8+ v&agrave; Note 8 cũng nằm trong danh s&aacute;ch.</p>\r\n\r\n<p>Samsung khẳng định sẽ trả thưởng tối đa l&ecirc;n tới 200 ng&agrave;n USD cho bất cứ ai c&oacute; thể ph&aacute;t hiện ra c&aacute;c lỗ hổng bảo mật tr&ecirc;n c&aacute;c sản phẩm của h&atilde;ng.</p>\r\n\r\n<p>Thậm ch&iacute;, h&atilde;ng cũng khẳng định sẽ thưởng cho những c&aacute; nh&acirc;n t&igrave;m được lỗ hổng trong trợ l&yacute; ảo Bixby, Samsung Pay, Samsung Account, Samsung Pass v&agrave; nhiều dịch vụ kh&aacute;c của h&atilde;ng.</p>\r\n\r\n<p>Số tiền thưởng chi trả cho mỗi lỗ hổng c&oacute; trị gi&aacute; từ 200 US. Đồng thời, số tiền c&oacute; thể thay đổi phụ thuộc kh&aacute; nhiều v&agrave;o mức độ nghi&ecirc;m trọng của lỗ hổng bảo mật v&agrave; khả năng diễn giải bằng chứng của người ph&aacute;t hiện.</p>\r\n\r\n<p>Trước đ&oacute;, Samsung từng triển khai một chương tr&igrave;nh ph&aacute;t hiện lỗi nhận thưởng v&agrave;o hồi th&aacute;ng 1/2016.</p>\r\n\r\n<p>Mức tiền thưởng 200 ng&agrave;n USD của Samsung c&oacute; phần thấp hơn so với số tiền 250 ng&agrave;n USD được Microsoft chi ra để ph&aacute;t hiện lỗi tr&ecirc;n Windows 10. C&aacute;c &ocirc;ng lớn c&ocirc;ng nghệ kh&aacute;c cũng kh&ocirc;ng k&eacute;m cạnh với nhiều chương tr&igrave;nh tương tự, v&iacute; dụ như Facebook, Google hay Apple.</p>\r\n\r\n<p>Những chương tr&igrave;nh như vậy diễn ra h&agrave;ng năm đem lại những khoản th&ugrave; lao đ&aacute;ng kể cho c&aacute;c hacker hay c&aacute;c chuy&ecirc;n gia bảo mật, trong khi t&iacute;nh ri&ecirc;ng, một nh&agrave; nghi&ecirc;n cứu bảo mật th&ocirc;ng thường c&oacute; thể kiếm 225 ng&agrave;n USD chỉ bằng c&aacute;ch hack tr&igrave;nh duyệt.</p>\r\n\r\n<p>&nbsp;</p>\r\n', '2017-09-08 14:53:53', 'hinhanh1.jpg', 2, 0, 0, 1, 2),
(41, '90% iFan sẽ không thích cách ứng dụng hiển thị trên iPhone 8, nhìn ảnh là biết ngay', '<h2>Nh&igrave;n ứng dụng hiển thị tr&ecirc;n iPhone 8 chẳng liền mạch ch&uacute;t n&agrave;o cả.</h2>\r\n', '<p>Chiếc iPhone 8 của Apple sắp ra mắt trong thời gian tới sẽ c&oacute; thiết kế ho&agrave;n to&agrave;n kh&aacute;c so với c&aacute;c mẫu iPhone trước đ&acirc;y. Tuy nhi&ecirc;n ch&uacute;ng ta phải đ&aacute;nh đổi một số thứ, v&agrave; một trong những thứ đ&oacute; l&agrave; phần đen ở cạnh tr&ecirc;n m&agrave;n h&igrave;nh m&agrave; Apple chừa ra để cho cụm cảm biến, loa thoại v&agrave; camera trước. C&oacute; lẽ c&ocirc;ng nghệ hiện nay vẫn chưa cho ph&eacute;p Apple ẩn hết tất cả dưới phần m&agrave;n h&igrave;nh để tạo một khối liền mạch.</p>\r\n\r\n<p>Một số chuy&ecirc;n gia c&ocirc;ng nghệ cho biết để khắc phục phần m&agrave;n h&igrave;nh kh&ocirc;ng liền mạch n&agrave;y rất đơn giản, chỉ cần cho phần &quot;thừa ra&quot; lu&ocirc;n hiển thị m&agrave;u đen v&agrave; chỉ hiển thị c&aacute;c th&ocirc;ng b&aacute;o của hệ thống, ch&uacute;ng ta sẽ c&oacute; một m&agrave;n h&igrave;nh vu&ocirc;ng vức v&agrave; liền mạch ở dưới. Như v&iacute; dụ dưới đ&acirc;y với cột Wi-Fi v&agrave; s&oacute;ng điện thoại ở phần b&ecirc;n tr&aacute;i, v&agrave; th&ocirc;ng b&aacute;o lượng pin ở b&ecirc;n phải, ri&ecirc;ng phần đồng hồ vẫn nằm ở giữa m&agrave;n h&igrave;nh ch&iacute;nh</p>\r\n\r\n<p>&nbsp;</p>\r\n\r\n<p>Như vậy, khả năng cao Apple sẽ cho to&agrave;n bộ ứng dụng sử dụng hết diện t&iacute;ch m&agrave;n h&igrave;nh, kể cả phần m&agrave;n h&igrave;nh d&agrave;nh cho thanh trạng th&aacute;i ở cạnh tr&ecirc;n. N&oacute; khiến m&agrave;n h&igrave;nh kh&ocirc;ng c&ograve;n liền mạch nữa, thay v&agrave;o đ&oacute; ch&uacute;ng ta lu&ocirc;n thấy phần đen chừa ra cho cụm cảm biến, camera v&agrave; loa thoại hiển thị.</p>\r\n\r\n<p>Hiện tượng n&agrave;y sẽ c&agrave;ng thấy r&otilde; khi m&agrave;n h&igrave;nh hiển thị c&aacute;c h&igrave;nh ảnh m&agrave;u s&aacute;ng, c&ograve;n nếu hiển thị m&agrave;u tối th&igrave; m&agrave;n h&igrave;nh sẽ h&ograve;a v&agrave;o với cụm cảm biến, camera v&agrave; loa thoại. V&iacute; dụ như h&igrave;nh dưới đ&acirc;y, tr&ocirc;ng đỡ hơn rất nhiều phải kh&ocirc;ng?Dự kiến Apple sẽ ra mắt h&agrave;ng loạt iPhone mới v&agrave;o ng&agrave;y 12/9 sắp tới, bao gồm iPhone 8 (iPhone Edition/iPhone X), iPhone 7s v&agrave; iPhone 7s Plus. Dự kiến c&ocirc;ng ty sẽ cho đặt trước v&agrave;o ng&agrave;y 15/9 v&agrave; bắt đầu b&aacute;n ra v&agrave;o ng&agrave;y 22/9.</p>\r\n\r\n<p>:Tuy nhi&ecirc;n, một th&ocirc;ng b&aacute;o từ trang Bloomberg mới đ&acirc;y đ&atilde; cho biết Apple chọn c&aacute;ch hiển thị kh&aacute;c so với c&aacute;ch tr&ecirc;n, v&agrave; n&oacute; khiến m&agrave;n h&igrave;nh kh&ocirc;ng liền mạch ch&uacute;t n&agrave;o. C&oacute; thể xem v&iacute; dụ như h&igrave;nh dưới đ&acirc;y:</p>\r\n', '2017-09-08 14:55:35', 'hinhanh1.jpg', 2, 0, 0, 1, 2),
(42, 'Nhà hát Steve Jobs sẽ sử dụng thang máy quay và \"bức tường ẩn\" trong ngày ra mắt iPhone 8', '<h2>Apple sẽ cho ra mắt iPhone 8 v&agrave;o ng&agrave;y 12 th&aacute;ng 9 tới tại khu&ocirc;n vi&ecirc;n Apple Park (Cupertino, California). Tuy nhi&ecirc;n, rất c&oacute; thể iPhone 8 kh&ocirc;ng phải l&agrave; điểm s&aacute;ng duy nhất trong buổi lễ h&ocirc;m đ&oacute;.</h2>\r\n', '<p>Kh&aacute;n ph&ograve;ng nh&agrave; h&aacute;t Steve Jobs ch&iacute;nh l&agrave; nơi Tim Cook giới thiệu về sản phẩm mới nhất của Apple. Điều đặc biệt l&agrave; kh&aacute;n ph&ograve;ng n&agrave;y sẽ sử dụng hai chiếc thang m&aacute;y c&oacute; t&iacute;nh năng xoay v&ograve;ng tr&ograve;n khi di chuyển gi&uacute;p kh&aacute;ch mời c&oacute; thể v&agrave;o v&agrave; ra th&ocirc;ng qua một cửa duy nhất d&ugrave; họ đứng ở bất kỳ hướng n&agrave;o.</p>\r\n\r\n<p>Nếu tin đồn n&agrave;y l&agrave; ch&iacute;nh x&aacute;c, rất c&oacute; thể Apple sẽ sử dụng mẫu thang m&aacute;y như trong video dưới đ&acirc;y.</p>\r\n\r\n<p>Thang m&aacute;y quay của Apple sẽ c&oacute; t&iacute;nh năng giống như những thang m&aacute;y th&ocirc;ng thường với cửa ra v&agrave;o ở điểm l&ecirc;n v&agrave; điểm xuống. Hiện nay, c&oacute; rất &iacute;t t&ograve;a nh&agrave; sử dụng loại thang m&aacute;y n&agrave;y.</p>\r\n\r\n<p>Theo b&aacute;o c&aacute;o của Bloomberg, Apple c&ograve;n sử dụng một bức tưởng ẩn để che đi khoảng kh&ocirc;ng ph&iacute;a sau - ch&iacute;nh l&agrave; ph&ograve;ng trưng b&agrave;y sản phẩm v&agrave; cũng l&agrave; địa điểm l&yacute; tưởng cho b&agrave;i ph&aacute;t biểu trong buổi lễ ra mắt iPhone 8 v&agrave;o ng&agrave;y 12 th&aacute;ng 9 tới.</p>\r\n\r\n<p>V&agrave;o ng&agrave;y 2 th&aacute;ng 9 vừa qua, blog MacMagazine - một blog Brazil của Apple đ&atilde; đăng tải rất nhiều h&igrave;nh ảnh b&ecirc;n trong nh&agrave; h&aacute;t Steve Jobs tr&ecirc;n Instagram. D&ugrave; những bức ảnh n&agrave;y vẫn chưa thể n&oacute;i l&ecirc;n điều g&igrave; nhưng ch&uacute;ng ta cũng c&oacute; thể thấy một &ldquo;bức tường&rdquo; được phủ nhựa được cuốn l&ecirc;n ph&iacute;a tr&ecirc;n s&acirc;n khấu ch&iacute;nh. &ldquo;Bức tường&rdquo; n&agrave;y sẽ gi&uacute;p mở ra kh&ocirc;ng gian ở ph&iacute;a sau ph&ograve;ng trưng b&agrave;y.</p>\r\n', '2017-09-08 14:56:31', 'hinhanh1.jpg', 2, 0, 0, 1, 2),
(43, 'Một loại Qubit mới được thiết kế có thể giúp máy tính lượng tử mạnh hơn và nhỏ hơn bao giờ hết', '<h2>Nếu được chế tạo th&agrave;nh c&ocirc;ng, loại Qubit n&agrave;y sẽ gi&uacute;p cho tương quan giữa số lượng qubit v&agrave; k&iacute;ch cỡ m&aacute;y t&iacute;nh lượng tử kh&ocirc;ng c&ograve;n l&agrave; vấn đề nữa.</h2>\r\n', '<h2>Nếu được chế tạo th&agrave;nh c&ocirc;ng, loại Qubit n&agrave;y sẽ gi&uacute;p cho tương quan giữa số lượng qubit v&agrave; k&iacute;ch cỡ m&aacute;y t&iacute;nh lượng tử kh&ocirc;ng c&ograve;n l&agrave; vấn đề nữa.</h2>\r\n\r\n<p>C&aacute;c nh&agrave; nghi&ecirc;n cứu tại &Uacute;c mới đ&acirc;y đ&atilde; thiết kế được một loại qubit mới - đ&oacute;ng vai tr&ograve; l&agrave; nền tảng cơ bản của m&aacute;y t&iacute;nh lượng tử - m&agrave; theo như họ sẽ gi&uacute;p cho ch&uacute;ng ta c&oacute; thể x&acirc;y dựng được một cỗ m&aacute;y t&iacute;nh lượng tử tầm cỡ.</p>\r\n\r\n<p>Ở thời điểm hiện tại, c&oacute; một v&agrave;i phương &aacute;n để tạo ra một cỗ m&aacute;y t&iacute;nh lượng tử. Những cỗ m&aacute;y k&iacute;ch cỡ nhỏ th&igrave; sẽ v&ocirc; c&ugrave;ng phức tạp, nhưng nếu theo đuổi sự đơn giản th&igrave; k&iacute;ch cỡ của những cỗ m&aacute;y sẽ trở n&ecirc;n cực kỳ khổng lồ.</p>\r\n\r\n<p>Nh&igrave;n chung lợi thế của những phương ph&aacute;p xử l&yacute; qubit truyền thống l&agrave; việc ch&uacute;ng c&oacute; nền tảng từ c&ocirc;ng nghệ v&agrave; thiết bị c&oacute; sẵn, khiến cho việc x&acirc;y dựng c&aacute;c cỗ m&aacute;y t&iacute;nh lượng tử trở n&ecirc;n dễ d&agrave;ng hơn. Thế nhưng, khi đặt trong mối tương quan về mặt k&iacute;ch thước với số lượng qubit cần phải xử l&yacute;, th&igrave; khi c&oacute; h&agrave;ng ng&agrave;n qubit kết nối với m&aacute;y t&iacute;nh; k&iacute;ch thước của cỗ m&aacute;y t&iacute;nh lượng tử sẽ trở n&ecirc;n qu&aacute; to để c&oacute; thể lắp đặt.</p>\r\n\r\n<p>Thế nhưng, loại qubit mới do c&aacute;c nh&agrave; nghi&ecirc;n cứu tại &Uacute;c t&igrave;m ra c&oacute; thể được điều khiển bằng t&iacute;n hiệu điện thay cho t&iacute;n hiệu từ t&iacute;nh như trước đ&acirc;y. Điều n&agrave;y đồng nghĩa với việc c&aacute;c qubit c&oacute; thể giữ trạng th&aacute;i rối lượng tử ở khoảng c&aacute;ch xa hơn nhiều so với trước đ&oacute;.</p>\r\n\r\n<p><em>&quot;Nếu ch&uacute;ng qu&aacute; gần hoặc qu&aacute; xa nhau, th&igrave; trạng th&aacute;i &#39;rối lượng tử&#39; giữa c&aacute;c qubit sẽ kh&ocirc;ng xảy ra.&quot; -</em>&nbsp;Guilherme Tosi, nh&agrave; nghi&ecirc;n cứu đ&atilde; t&igrave;m ra loại qubit mới n&agrave;y cho biết.</p>\r\n\r\n<p>Loại qubit mới c&oacute; thể giữ trạng th&aacute;i rối lượng tử ở khoảng c&aacute;ch xa khoảng v&agrave;i trăm nanomet, n&ecirc;n về mặt l&yacute; thuyết ch&uacute;ng ta c&oacute; thể x&acirc;y dựng c&aacute;c cỗ m&aacute;y t&iacute;nh lượng tử tr&ecirc;n nền tảng silicon.</p>\r\n\r\n<p>Đương nhi&ecirc;n ch&uacute;ng ta chỉ đang n&oacute;i về mặt l&yacute; thuyết, bởi hiện tại những g&igrave; c&aacute;c nh&agrave; nghi&ecirc;n cứu đang nắm trong tay chỉ l&agrave; bản thiết kế của cỗ m&aacute;y m&agrave; th&ocirc;i. Nhưng theo lời trưởng nh&oacute;m nghi&ecirc;n cứu Andrea Morello, th&igrave; ph&aacute;t hiện n&agrave;y hết sức quan trọng đối với ng&agrave;nh khoa học m&aacute;y t&iacute;nh lượng tử.</p>\r\n\r\n<p>Loại qubit n&agrave;y hoạt động bằng c&aacute;ch m&atilde; h&oacute;a th&ocirc;ng tin tr&ecirc;n cả hạt nh&acirc;n v&agrave; electron của nguy&ecirc;n tử phốt pho b&ecirc;n trong con chip silicon, v&agrave; kết nối ch&uacute;ng với một mạng lưới điện cực. Sau đ&oacute; to&agrave;n bộ thiết bị sẽ được l&agrave;m lạnh tới gần 0 độ tuyệt đối; rồi đặt trong m&ocirc;i trường từ t&iacute;nh.</p>\r\n', '2017-09-08 14:57:11', 'hinhanh1.jpg', 2, 0, 0, 1, 2);
INSERT INTO `news` (`id`, `name`, `preview`, `detail`, `date_create`, `picture`, `cat_id`, `is_slide`, `view`, `user_id`, `cat_parent`) VALUES
(44, 'Lo sợ bị phát tán ảnh nhảy múa trên mạng, một người đàn ông tìm cách phá hủy đường dây Internet', '<h2>Đ&atilde; c&oacute; kh&ocirc;ng &iacute;t trường hợp những người nổi tiếng như Jennifer Lawrence, Justin Bieber, hay Leslie Jones bị tung ảnh &quot;ri&ecirc;ng tư&quot; l&ecirc;n mạng tr&aacute;i ph&eacute;p, v&agrave; d&ugrave; họ c&oacute; l&agrave;m g&igrave; để ngăn chặn th&igrave; những tấm h&igrave;nh khỏa th&acirc;n, ảnh hộ chiếu, bằng l&aacute;i vẫn sẽ m&atilde;i ở tr&ecirc;n mạng.</h2>\r\n', '<h2>Đ&atilde; c&oacute; kh&ocirc;ng &iacute;t trường hợp những người nổi tiếng như Jennifer Lawrence, Justin Bieber, hay Leslie Jones bị tung ảnh &quot;ri&ecirc;ng tư&quot; l&ecirc;n mạng tr&aacute;i ph&eacute;p, v&agrave; d&ugrave; họ c&oacute; l&agrave;m g&igrave; để ngăn chặn th&igrave; những tấm h&igrave;nh khỏa th&acirc;n, ảnh hộ chiếu, bằng l&aacute;i vẫn sẽ m&atilde;i ở tr&ecirc;n mạng. Tuy nhi&ecirc;n, một người đ&agrave;n &ocirc;ng Trung Quốc đ&atilde; t&igrave;m một c&aacute;ch &quot;tương đối&quot; kh&ocirc;ng hiệu quả để ngăn cản việc những bức h&igrave;nh nhảy m&uacute;a của anh bị ph&aacute;t t&aacute;n.</h2>\r\n\r\n<p>Đ&atilde; bị tung h&igrave;nh ảnh c&aacute; nh&acirc;n l&ecirc;n mạng th&igrave; kh&oacute; l&ograve;ng c&oacute; thể cứu v&atilde;n. Tuy nhi&ecirc;n, c&oacute; một người đ&agrave;n &ocirc;ng t&ecirc;n Lưu, đến từ tỉnh Sơn Đ&ocirc;ng, Trung Quốc đ&atilde; s&aacute;ng tạo ra một biện ph&aacute;p mới lạ, c&oacute; phần hơi bạo lực, để ngăn chặn sự x&acirc;m phạm qua Internet. Anh Lưu gần đ&acirc;y lu&ocirc;n bị &aacute;m ảnh về việc những bức h&igrave;nh nhảy m&uacute;a vui vẻ của m&igrave;nh sẽ bị đăng l&ecirc;n mạng. V&agrave; anh đ&atilde; nghĩ ra một giải ph&aacute;p: Ph&aacute; hủy đường d&acirc;y Internet trước khi điều kh&ocirc;ng may n&agrave;y xảy tới, theo đ&uacute;ng nghĩa đen của n&oacute;.</p>\r\n\r\n<p>Theo trang tin tức NetEase, Lưu đ&atilde; bị bắt tại Duy Phường, th&agrave;nh phố của tỉnh Sơn Đ&ocirc;ng v&agrave;o ng&agrave;y 19/8, với tội danh đột nhập v&agrave; ph&aacute; hủy tới 4 hộp m&aacute;y chứa d&acirc;y c&aacute;p mạng của dịch vụ China Telecom. H&agrave;nh động của Lưu bị ph&aacute;t gi&aacute;c th&ocirc;ng qua c&aacute;c camera an ninh (CCTV). Khi được hỏi l&iacute; do v&igrave; sao anh đi quanh th&agrave;nh phố để ph&aacute; d&acirc;y mạng trong đ&ecirc;m khuya, Lưu trả lời rằng, anh rất lo sợ rằng những bức ảnh v&agrave; video ghi lại khoảnh khắc anh nhảy m&uacute;a vui vẻ tr&ecirc;n đường phố sẽ bị tung l&ecirc;n mạng v&agrave; l&agrave;m anh mất mặt. Cũng cần phải n&oacute;i th&ecirc;m, &quot;mất mặt&quot; c&oacute; nghĩa l&agrave; xấu hổ trước mặt mọi người, bị coi như một hiện tượng x&atilde; hội nghi&ecirc;m trọng trong văn h&oacute;a Trung Hoa, hơn l&agrave; ở hầu hết c&aacute;c nước phương T&acirc;y.</p>\r\n', '2017-09-08 15:16:34', 'hinhanh1.jpg', 19, 1, 0, 1, 19),
(45, 'Xem những phân tử nano khoan vỡ tan tế bào ung thư chỉ trong 1 phút', '<h2>Mũi khoan c&oacute; thể quay ở tốc độ 2-3 triệu v&ograve;ng/gi&acirc;y.</h2>\r\n\r\n<p>&nbsp;</p>\r\n', '<p>Giải Nobel H&oacute;a học năm 2016 được trao cho 3 nh&agrave; khoa học, những người tạo ra được chiếc xe 4 b&aacute;nh c&oacute; k&iacute;ch thước nhỏ tương đương một ph&acirc;n tử. Đ&acirc;y l&agrave; minh chứng cho thấy thời đại ứng dụng những cỗ m&aacute;y nano v&agrave;o y học đang tiến đến rất gần.</p>\r\n\r\n<p>Mới đ&acirc;y, một nh&oacute;m c&aacute;c nh&agrave; khoa học lại vừa c&ocirc;ng bố nghi&ecirc;n cứu tr&ecirc;n tạp ch&iacute; Nature, n&oacute;i rằng họ đ&atilde; chế tạo th&agrave;nh c&ocirc;ng những chiếc t&agrave;u ngầm nano.</p>\r\n\r\n<p>C&ograve;n ấn tượng hơn cả k&iacute;ch thước b&eacute; nhỏ của n&oacute;, chiếc t&agrave;u ngầm n&agrave;y mang tr&ecirc;n m&igrave;nh một mũi khoan quay ở tốc độ 2-3 triệu v&ograve;ng/gi&acirc;y. N&oacute; c&oacute; khả năng đục thủng tế b&agrave;o ung thư, tạo điều kiện cho việc ph&acirc;n phối thuốc hoặc cũng c&oacute; thể lập tức giết chết ch&uacute;ng, chỉ trong v&ograve;ng 1&nbsp;</p>\r\n\r\n<p><em>Những cỗ m&aacute;y nano n&agrave;y rất rất nhỏ, ch&uacute;ng ta c&oacute; thể xếp chỗ đậu cho 50.000 chiếc tr&ecirc;n đường k&iacute;nh của một sợi t&oacute;c</em>&rdquo;, gi&aacute;o sư James Tour đến từ Đại học Rice cho biết.</p>\r\n\r\n<p>Ch&uacute;ng thực chất l&agrave; một ph&acirc;n tử c&oacute; h&igrave;nh dạng đặc biệt, giống rotor trong động cơ. C&aacute;c nguy&ecirc;n tử của n&oacute; c&oacute; khả năng di chuyển theo một hướng, v&igrave; vậy, cho ph&eacute;p tạo th&agrave;nh một mũi khoan quay ở tốc độ cực kỳ cao.</p>\r\n\r\n<p>Ở tốc độ quay 2-3 triệu v&ograve;ng/gi&acirc;y, c&aacute;c ph&acirc;n tử n&agrave;y c&oacute; thể chống lại chuyển động Brown, thứ khiến cho mọi thứ trong thế giới vi m&ocirc; chuyển động ngẫu nhi&ecirc;n v&agrave; cực kỳ hỗn loạn. V&agrave; cũng bởi c&oacute; thể di chuyển theo một hướng nhất định, c&aacute;c ph&acirc;n tử c&oacute; thể trở th&agrave;nh những chiếc t&agrave;u ngầm si&ecirc;u nhỏ phục vụ mục đ&iacute;ch y tế.</p>\r\n\r\n<p>Theo b&agrave;i b&aacute;o tr&ecirc;n tạp ch&iacute; Nature, c&aacute;c nh&agrave; khoa học đ&atilde; thử cho hạm đội &ldquo;<em>t&agrave;u ngầm</em>&rdquo; của họ khoan tr&ecirc;n nhiều loại tế b&agrave;o, bao gồm tế b&agrave;o ung thư tiền liệt tuyến ở người. Nh&oacute;m nghi&ecirc;n cứu b&aacute;o c&aacute;o rằng ch&uacute;ng c&oacute; khả năng định vị v&agrave; tiến đến c&aacute;c tế b&agrave;o trong điều kiện b&igrave;nh thường.</p>\r\n\r\n<p>Thế nhưng, để c&oacute; thể khoan thủng c&aacute;c tế b&agrave;o ung thư, c&aacute;c t&agrave;u ngầm nano sẽ cần được chiếu s&aacute;ng cực t&iacute;m. Những g&igrave; diễn ra sau đ&oacute; được quay phim lại th&ocirc;ng qua k&iacute;nh hiển vi điện tử.</p>\r\n\r\n<p>N&oacute; cho thấy c&aacute;c tế b&agrave;o bị bao v&acirc;y bởi c&aacute;c t&agrave;u ngầm nano. Ch&uacute;ng xuy&ecirc;n thủng lỗ chỗ tế b&agrave;o ung thư, tạo ra những bong b&oacute;ng b&ecirc;n ngo&agrave;i bề mặt v&agrave; cuối c&ugrave;ng giết chết ch&uacute;ng. Mọi chuyện diễn ra trong v&ograve;ng từ 1-3 ph&uacute;t.</p>\r\n\r\n<p><em>&quot;Nhiều năm về trước, t&ocirc;i chưa bao giờ từng h&igrave;nh dung ra c&aacute;c cỗ m&aacute;y nano c&oacute; thể được ứng dụng v&agrave;o y khoa. T&ocirc;i nghĩ rằng ch&uacute;ng qu&aacute; nhỏ, nhỏ hơn nhiều so với một tế b&agrave;o th&igrave; l&agrave;m được g&igrave;</em>&rdquo;, gi&aacute;o sư Tour n&oacute;i.</p>\r\n\r\n<p>&ldquo;<em>Nhưng b&acirc;y giờ, c&ocirc;ng tr&igrave;nh n&agrave;y đ&atilde; thực sự l&agrave;m thay đổi suy nghĩ của t&ocirc;i về điều đ&oacute;. T&ocirc;i nghĩ rằng phương ph&aacute;p l&agrave; một c&aacute;ch ho&agrave;n to&agrave;n mới gi&uacute;p điều trị cho c&aacute;c bệnh nh&acirc;n. N&oacute; sẽ l&agrave; một ứng dụng tuyệt vời trong điều trị ung thư, kh&ocirc;ng phải chỉ dừng lại ở việc giết chết ngay tế b&agrave;o m&agrave; c&ograve;n c&oacute; thể sửa chữa ch&uacute;ng. Đ&oacute; l&agrave; khả năng tương t&aacute;c với cơ thể con người sử dụng c&aacute;c cỗ m&aacute;y m&aacute;y ph&acirc;n tử</em>&quot;.</p>\r\n\r\n<p>Tiến sĩ Robert Pal đến từ Đại học Durham, cho biết ngo&agrave;i thử nghiệm với tế b&agrave;o ung thư tiền liệt tuyến, họ sắp cho c&aacute;c t&agrave;u ngầm nano của m&igrave;nh thử khoan v&agrave;o những khối tế b&agrave;o ung thư v&uacute; v&agrave; ung thư da.</p>\r\n\r\n<p>Sau khi đ&atilde; thực hiện c&aacute;c thử nghiệm trực tiếp tr&ecirc;n tế b&agrave;o ung thư, họ cũng sẽ tiến tới thử nghiệm tr&ecirc;n động vật, ban đầu l&agrave; vi sinh vật, sau đ&oacute; l&agrave; c&aacute;c lo&agrave;i c&aacute; v&agrave; tr&ecirc;n chuột.</p>\r\n\r\n<p>Một yếu tố cần phải tinh chỉnh trong phương ph&aacute;p n&agrave;y l&agrave; &aacute;nh s&aacute;ng sử dụng để chiếu v&agrave;o những cỗ m&aacute;y nano. Bởi tia cực t&iacute;m c&oacute; thể g&acirc;y hại cho động vật v&agrave; cả con người, c&aacute;c nh&agrave; khoa học đang t&iacute;nh phương &aacute;n thay thế n&oacute; bằng nguồn s&aacute;ng hồng ngoại hoặc s&oacute;ng ở tần số v&ocirc; tuyến.</p>\r\n\r\n<p>&quot;<em>Một khi được ph&aacute;t triển th&agrave;nh c&ocirc;ng, phương ph&aacute;p n&agrave;y c&oacute; thể cung cấp một bước thay đổi tiềm năng trong điều trị ung thư kh&ocirc;ng x&acirc;m lấn, v&agrave; cải thiện đ&aacute;ng kể tỷ lệ sống s&oacute;t chất lượng cuộc sống của c&aacute;c bệnh nh&acirc;n tr&ecirc;n to&agrave;n cầu</em>&quot;, tiến sĩ Robert Pal cho biết.</p>\r\n', '2017-09-08 15:16:33', 'hinhanh1.jpg', 2, 1, 0, 1, 2),
(46, ' Cuộc chiến nhân lực ngành CNTT: Người thiếu, chuyên môn lại yếu', '<p><strong>ch mạng c&ocirc;ng nghiệp 4.0 lặng lẽ th&acirc;m nhập v&agrave;o đời sống x&atilde; hội đến mức tưởng như đ&oacute; l&agrave; điều tự nhi&ecirc;n. Thế nhưng, Việt Nam đang đứng trước nguy cơ c&oacute; thể tụt lại ph&iacute;a sau nếu kh&ocirc;ng thể đ&aacute;p ứng được nguồn lực để h&ograve;a m&igrave;nh v&agrave;o guồng quay c&ocirc;ng nghệ.</strong></p>\r\n', '<p><strong>Chỉ đ&aacute;p ứng được 1/3 nhu cầu</strong></p>\r\n\r\n<p>Hầu như mọi hoạt động từ giao th&ocirc;ng, sản xuất, y tế, an ninh&hellip; đều dần sử dụng c&ocirc;ng nghệ thay thế sức người. Nhưng để đạt hiệu quả tối đa th&igrave; con người mới l&agrave; yếu tố cốt l&otilde;i mang đến th&agrave;nh c&ocirc;ng. Một khảo s&aacute;t của Vietnamworks đối với nhu cầu tuyển dụng trong lĩnh vực&nbsp;<a href=\"http://aptech.fpt.edu.vn/\">c&ocirc;ng nghệ th&ocirc;ng tin</a>&nbsp;(CNTT) cho thấy, chỉ trong v&ograve;ng 3 năm, từ 2013 đến 2016, nhu cầu tuyển dụng tăng 2,5 lần. Xu hướng từ nay cho tới 2020 sẽ tiếp tục tăng nhu cầu tuyển dụng nh&acirc;n sự khối ng&agrave;nh CNTT, t&igrave;nh trạng khan hiếm nh&acirc;n sự sẽ diễn ra khốc liệt hơn hiện tại.</p>\r\n\r\n<p>Ph&oacute; gi&aacute;m đốc Trung t&acirc;m dự b&aacute;o nhu cầu nh&acirc;n lực v&agrave; Th&ocirc;ng tin thị trường lao động TP HCM Trần Anh Tuấn cho rằng:&nbsp;<em>&quot;CNTT l&agrave; nh&oacute;m ng&agrave;nh c&ocirc;ng nghiệp trọng yếu tại TPHCM hiện nay, v&agrave; trong tương lai sẽ l&agrave; ng&agrave;nh c&oacute; nhu cầu nh&acirc;n lực cao nhất&quot;</em>&nbsp;do nhu cầu ph&aacute;t triển x&atilde; hội như giao th&ocirc;ng th&ocirc;ng minh, an ninh mạng, c&aacute;c nhu cầu&nbsp;<a href=\"http://aptech.fpt.edu.vn/\">lập tr&igrave;nh</a>&nbsp;hoặc thiết kế 3D...</p>\r\n\r\n<p>Tuy nhi&ecirc;n, một thực tế l&agrave; sinh vi&ecirc;n ng&agrave;nh CNTT tốt nghiệp ra trường thường kh&ocirc;ng đ&aacute;p ứng được nhu cầu của doanh nghiệp CNTT, khiến t&igrave;nh trạng khan hiếm nh&acirc;n lực vốn đ&atilde; thiếu người lại c&agrave;ng thiếu hơn bởi phải d&agrave;nh nhiều nguồn lực để chọn lọc hoặc đ&agrave;o t&agrave;o lại. Cụ thể, dự t&iacute;nh nhu cầu nh&acirc;n lực của c&aacute;c doanh nghiệp từ nay đến năm 2020 l&agrave; khoảng 400.000 người, trong khi to&agrave;n bộ hệ thống&nbsp;<a href=\"http://aptech.fpt.edu.vn/\">cung cấp nh&acirc;n lực về CNTT</a>&nbsp;tr&ecirc;n cả nước chỉ c&oacute; khả năng đ&aacute;p ứng qu&aacute; nửa con số ấy.</p>\r\n\r\n<p>Sự thiếu hụt nh&acirc;n sự kh&ocirc;ng chỉ khiến doanh nghiệp loay hoay trong việc triển khai ph&aacute;t triển, m&agrave; c&ograve;n dẫn tới t&igrave;nh trạng bất ổn định tr&ecirc;n thị trường lao động bởi sự gi&agrave;nh giật nh&acirc;n sự một c&aacute;ch &acirc;m thầm giữa c&aacute;c doanh nghiệp. Sự bất ổn định đ&oacute; nếu tiếp tục kh&ocirc;ng được xử l&yacute; ổn thỏa c&oacute; thể tiếp tục l&agrave;m tăng gi&aacute; nh&acirc;n c&ocirc;ng lao động, giảm năng lực cạnh tranh v&agrave; sức hấp dẫn của ng&agrave;nh với c&aacute;c nh&agrave; đầu tư.</p>\r\n\r\n<p>&Ocirc;ng Ho&agrave;ng Nam Tiến, Chủ tịch FPT Software, nhận định, Việt Nam đang c&oacute; rất nhiều cơ hội cạnh tranh s&ograve;ng phẳng trong s&acirc;n chơi&nbsp;<a href=\"http://aptech.fpt.edu.vn/\">CNTT</a>&nbsp;to&agrave;n cầu nhưng th&aacute;ch thức lớn nhất hiện nay l&agrave; vấn đề ph&aacute;t triển nguồn&nbsp;<a href=\"http://aptech.fpt.edu.vn/\">nh&acirc;n lực CNTT chất lượng cao</a>. Việt Nam cần mở rộng quy m&ocirc; đ&agrave;o tạo kỹ sư CNTT từ nay đến năm 2020 l&ecirc;n gấp 3 lần mới c&oacute; thể đ&aacute;p ứng về số lượng.</p>\r\n\r\n<p><strong>Dốt ngoại ngữ, k&eacute;m năng lực</strong></p>\r\n\r\n<p>Để đối ph&oacute; với thực trạng khan hiếm nguồn lực, một số doanh nghiệp CNTT đầu đ&agrave;n đ&atilde; x&acirc;y dựng ch&iacute;nh s&aacute;ch đ&agrave;o tạo nguồn lực tại chỗ. V&iacute; dụ như FPT đ&atilde; đầu tư Đại học FPT nhưng vẫn kh&ocirc;ng đủ phục vụ bởi theo &ocirc;ng Trương Gia B&igrave;nh, Chủ tịch FPT, th&igrave;&nbsp;<em>&quot;mỗi năm nhu cầu của FPT cần tuyển tới 5.000 người&quot; .</em></p>\r\n\r\n<p>C&aacute;ch đ&acirc;y kh&ocirc;ng l&acirc;u, Viettel cũng tha thiết xin tiếp nhận Học viện Bưu ch&iacute;nh - Viễn Th&ocirc;ng để giải quyết b&agrave;i to&aacute;n nh&acirc;n sự của m&igrave;nh. Tuy việc xin tiếp nhận kh&ocirc;ng được như mong muốn nhưng theo kế hoạch đến 2020, Viettel sẽ mở rộng kinh doanh tới 20 quốc gia tr&ecirc;n thế giới. Như vậy, nhu cầu nh&acirc;n lực của Viettel sẽ tăng l&ecirc;n gấp bội. Thế nhưng, chất lượng kiến thức, kỹ năng chuy&ecirc;n m&ocirc;n v&agrave; đặc biệt l&agrave; tr&igrave;nh độ ngoại ngữ của sinh vi&ecirc;n ng&agrave;nh CNTT mới ra trường lại rất hạn chế. Bởi vậy, việc tuyển&nbsp;<a href=\"http://aptech.fpt.edu.vn/\">kỹ sư CNTT</a>l&agrave;m chuy&ecirc;n gia đi triển khai dự &aacute;n ở nước ngo&agrave;i c&agrave;ng kh&oacute; khăn hơn nhiều.</p>\r\n\r\n<p>Theo PGS. TS Trần Quang Anh - Ph&oacute; gi&aacute;m đốc Học viện Bưu ch&iacute;nh Viễn Th&ocirc;ng, điểm yếu nhất của sinh vi&ecirc;n ng&agrave;nh CNTT khi tốt nghiệp ra trường kh&ocirc;ng phải l&agrave; chuy&ecirc;n m&ocirc;n m&agrave; ch&iacute;nh l&agrave; vấn đề ngoại ngữ. Năng lực ngoại ngữ k&eacute;m trở th&agrave;nh r&agrave;o cản hạn chế cơ hội c&aacute;c em tiếp cận với thị trường tuyển dụng đa dạng trong nước, v&agrave; thị trường nh&acirc;n sự chất lượng cao của doanh nghiệp quốc tế.</p>\r\n\r\n<p>Đồng thời, với tốc độ ph&aacute;t triển mạnh mẽ của thế giới, thiếu ngoại ngữ sẽ biến c&aacute;c bạn trẻ trở th&agrave;nh thợ thủ c&ocirc;ng, l&agrave;m việc theo kinh nghiệm bởi kh&ocirc;ng thể tiếp cận v&agrave; học hỏi được những thay đổi, tiến bộ mới của thế giới.&nbsp;<em>&quot;Như vậy, c&aacute;c bạn đ&atilde; tự đ&agrave;o thải m&igrave;nh khỏi ch&iacute;nh m&ocirc;i trường chuy&ecirc;n m&ocirc;n được đ&agrave;o tạo. C&ograve;n về chuy&ecirc;n m&ocirc;n nghiệp vụ, thực tế c&aacute;c doanh nghiệp thường phải đ&agrave;o tạo nh&acirc;n sự mới khoảng 3 th&aacute;ng đến 1 năm v&igrave; nhiều l&yacute; do, trong đ&oacute; c&oacute; nguy&ecirc;n nh&acirc;n chủ quan v&agrave; kh&aacute;ch quan. Chủ quan l&agrave; do c&aacute; nh&acirc;n nh&acirc;n sự đ&oacute; thiếu năng động, &iacute;t va chạm dẫn tới khi tham gia c&ocirc;ng việc c&ograve;n nhiều ngỡ ng&agrave;ng. Kh&aacute;ch quan l&agrave; do hệ thống đ&agrave;o tạo của ch&uacute;ng ta chưa x&acirc;y dựng đủ c&aacute;c kỹ năng để một sinh vi&ecirc;n ra trường c&oacute; thể trở th&agrave;nh thợ l&agrave;nh nghề ngay&quot;.</em></p>\r\n\r\n<p>Trước thực tế khan hiếm nguồn cung, thị trường lao động ng&agrave;nh CNTT đang c&oacute; nguy cơ rối loạn bởi sự gi&agrave;nh giật nh&acirc;n sự của c&aacute;c doanh nghiệp v&agrave; t&acirc;m l&yacute; l&agrave;m việc thiếu t&iacute;nh ổn định của người lao động. Vậy c&aacute;c doanh nghiệp CNTT sẽ sử dụng những chi&ecirc;u thức n&agrave;o để gi&agrave;nh giật nh&acirc;n t&agrave;i? Lời giải cho b&agrave;i to&aacute;n nh&acirc;n sự c&agrave;ng trở n&ecirc;n kh&oacute; khăn hơn bao giờ hết.</p>\r\n\r\n<p>Theo dự b&aacute;o của Vietnamworks, với gần 80.000 nh&acirc;n lực CNTT sẽ được c&aacute;c trường cho &quot;ra l&ograve;&quot; trong hai năm, 2017 v&agrave; 2018, so với nhu cầu t&iacute;nh đến cuối năm 2018, Việt Nam sẽ thiếu khoảng 70.000 nh&acirc;n lực về CNTT. Việt Nam sẽ cần khoảng 1,2 triệu nh&acirc;n lực ng&agrave;nh CNTT v&agrave;o năm 2020. Nhưng nhiều khả năng số nh&acirc;n lực thiếu hụt l&ecirc;n tới 500.000 người.</p>\r\n', '2017-09-08 15:01:58', 'hinhanh1.jpg', 1, 0, 0, 1, 1),
(47, 'FPT Aptech Việt Nam - 11 năm liền xếp hàng đầu đơn vị đào tạo CNTT', '<p>FPT Aptech Việt Nam - 11 năm liền xếp h&agrave;ng đầu đơn vị đ&agrave;o tạo CNTT</p>\r\n', '<p><strong>ều ng&agrave;y 19-09-2013, tại Trung t&acirc;m Hội nghị V&otilde; Thị S&aacute;u, TPHCM, trong khu&ocirc;n khổ của chuỗi sự kiện&nbsp;<em>&quot;To&agrave;n Cảnh CNTT-TT Việt Nam &ndash; Viet Nam ICT Outlook - VIO 2013&quot;</em>&nbsp;<a href=\"http://fpt.aptech.edu.vn/\">Hệ thống đ&agrave;o tạo Lập tr&igrave;nh vi&ecirc;n Quốc tế FPT-Aptech Vietnam</a>&nbsp;lần thứ 11 li&ecirc;n tiếp giữ vị tr&iacute; đứng đầu c&aacute;c đơn vị đ&agrave;o tạo c&ocirc;ng nghệ th&ocirc;ng tin (CNTT) tại Việt Nam khi đ&oacute;n nhận&nbsp;<a href=\"http://fpt.aptech.edu.vn/tintuc.php?CatCode=4\">&quot;Cup Top ICT VN&quot; v&agrave; &quot;Huy Chương V&agrave;ng ICT&quot;</a></strong></p>\r\n\r\n<p>&nbsp;</p>\r\n\r\n<p>Nếu như từ năm 2010 trở về trước, giải Top 5 ICT d&agrave;nh cho lĩnh vực đ&agrave;o tạo b&ecirc;n cạnh&nbsp;<a href=\"http://fpt.aptech.edu.vn/\">FPT-Aptech Vietnam</a>, h&agrave;ng tiếp theo c&ograve;n c&oacute; 4 đơn vị đ&agrave;o tạo kh&aacute;c, th&igrave; năm 3 năm li&ecirc;n tiếp gần đ&acirc;y, BTC chỉ x&eacute;t chọn duy nhất 1 đơn vị cho giải Top ICT trong nh&oacute;m&nbsp;<a href=\"http://fpt.aptech.edu.vn/\">đ&agrave;o tạo CNTT</a>.</p>\r\n\r\n<p>Điều n&agrave;y cho thấy&nbsp;<a href=\"http://fpt.aptech.edu.vn/\">FPT Aptech VN</a>&nbsp;c&oacute; được sự t&iacute;n nhiệm của đ&ocirc;ng đảo học sinh, sinh vi&ecirc;n, phụ huynh v&agrave; học vi&ecirc;n đang đi l&agrave;m đ&atilde; chọn lựa đầu tư học tập tại&nbsp;<a href=\"http://fpt.aptech.edu.vn/\">FPT Aptech VN</a>.</p>\r\n\r\n<p>Đối tượng đ&agrave;o tạo của&nbsp;<a href=\"http://fpt.aptech.edu.vn/\">FPT-Aptech Vietnam</a>&nbsp;rất đa dạng, kh&ocirc;ng ph&acirc;n biệt lứa tuổi, giới t&iacute;nh, nghề nghiệp, từ học sinh, sinh vi&ecirc;n tới c&aacute;n bộ nh&acirc;n vi&ecirc;n trong c&aacute;c doanh nghiệp v&agrave; doanh nh&acirc;n - những ai mong muốn x&acirc;y dựng cho m&igrave;nh một nghề nghiệp vững chắc v&agrave; c&oacute; tương lai, những ai quan t&acirc;m v&agrave; cần đến tin học trong c&ocirc;ng việc v&agrave; cuộc sống như một nghề nghiệp chuy&ecirc;n m&ocirc;n hay như một c&ocirc;ng cụ hỗ trợ đều c&oacute; quyền trở th&agrave;nh sinh vi&ecirc;n của hệ thống đ&agrave;o tạo n&agrave;y. Điều đ&oacute; sẽ mở ra rất nhiều cơ hội thắp s&aacute;ng những ước mơ của c&aacute;c bạn trẻ trong lĩnh vực đầy tiềm năng n&agrave;y.</p>\r\n\r\n<p>C&aacute;c trung t&acirc;m đ&agrave;o tạo của&nbsp;<a href=\"http://fpt.aptech.edu.vn/\">FPT-Aptech Vietnam</a>&nbsp;đang nỗ lực để đ&aacute;p ứng nhu cầu ng&agrave;y c&agrave;ng tăng về đ&agrave;o tạo lực lượng lập tr&igrave;nh vi&ecirc;n chuy&ecirc;n nghiệp cũng như nguồn nh&acirc;n lực c&oacute; tr&igrave;nh độ tin học cao cho c&aacute;c doanh nghiệp, tổ chức trong v&agrave; ngo&agrave;i nước.</p>\r\n\r\n<p>Sau khi tốt nghiệp 2 năm,&nbsp;<a href=\"http://fpt.aptech.edu.vn/tintuc.php?CatCode=6\">sinh vi&ecirc;n FPT-Aptech Vietnam</a>&nbsp;được nhận bằng HDSE (Higher Diploma in Software Engineering) c&oacute; gi&aacute; trị to&agrave;n cầu v&agrave; được tham gia l&agrave;m việc tại c&aacute;c doanh nghiệp. B&ecirc;n cạnh đ&oacute;&nbsp;<a href=\"http://fpt.aptech.edu.vn/tintuc.php?CatCode=6\">sinh vi&ecirc;n FPT-Aptech Vietnam</a>&nbsp;c&ograve;n c&oacute; cơ hội ho&agrave;n thiện học vấn th&ocirc;ng qua chương tr&igrave;nh li&ecirc;n th&ocirc;ng Top-up +2 học tại Trường đại học FPT th&ecirc;m 2 học kỳ để lấy bằng Cử nh&acirc;n đại học CNTT từ Trường Greenwich (Anh quốc) cấp bằng hoặc học li&ecirc;n th&ocirc;ng với trường RMIT, Swinburne, Southern Cross tại &Uacute;c.</p>\r\n\r\n<p>Nh&acirc;n dịp nhận giải thưởng cao qu&yacute; 2013,&nbsp;<a href=\"http://fpt.aptech.edu.vn/\">Hệ thống đ&agrave;o tạo Lập tr&igrave;nh vi&ecirc;n quốc tế FPT-Aptech</a>&nbsp;c&ocirc;ng bố chương tr&igrave;nh học bổng&nbsp;<a href=\"http://fpt.aptech.edu.vn/TainangtreFPT2013/\"><strong><em>&quot;T&agrave;i năng trẻ FPT&quot;</em></strong></a>&nbsp;d&agrave;nh tặng cho c&aacute;c bạn trẻ nhập học&nbsp;<a href=\"http://fpt.aptech.edu.vn/\">FPT-Aptech</a>&nbsp;c&ugrave;ng với việc ra mắt&nbsp;<strong><a href=\"http://fpt.aptech.edu.vn/accp2013.php\">phi&ecirc;n bản đ&agrave;o tạo quốc tế mới nhất ACCP i13</a></strong>&nbsp;(Aptech Certified Computer Professional) của tập đo&agrave;n&nbsp;<a href=\"http://fpt.aptech.edu.vn/\">APTECH</a>&nbsp;to&agrave;n cầu.</p>\r\n\r\n<p>Mời li&ecirc;n hệ tư vấn tại c&aacute;c&nbsp;<a href=\"http://fpt.aptech.edu.vn/\">Trung t&acirc;m đ&agrave;o tạo Lập tr&igrave;nh vi&ecirc;n Quốc tế FPT &ndash; Aptech:</a></p>\r\n\r\n<p><strong>Tp.HCM:</strong></p>\r\n\r\n<ul>\r\n	<li>Số 7 Nam Quốc Cang, Quận 1</li>\r\n	<li>Số 590 CMT8 (đối diện c&ocirc;ng vi&ecirc;n L&ecirc; Thị Ri&ecirc;ng), Quận 3</li>\r\n	<li>Số 131 Nơ Trang Long, Quận B&igrave;nh Thạnh</li>\r\n</ul>\r\n\r\n<p><strong>H&agrave; Nội:</strong></p>\r\n\r\n<ul>\r\n	<li>Tầng 4, Cung Văn ho&aacute; Hữu nghị- 1A Yết Ki&ecirc;u</li>\r\n	<li>Tầng 2 - Nh&agrave; D - L&agrave;ng SV Hacinco- Nh&acirc;n Ch&iacute;nh - Thanh Xu&acirc;n</li>\r\n</ul>\r\n\r\n<p><strong>Đ&ocirc;i n&eacute;t về FPT-Aptech Việt Nam:</strong></p>\r\n\r\n<p><a href=\"http://fpt.com.vn/\">Tập đo&agrave;n FPT</a>&nbsp;l&agrave; đơn vị s&aacute;ng lập hệ thống&nbsp;<a href=\"http://fpt.aptech.edu.vn/\">Aptech Việt Nam</a>, mang&nbsp;<a href=\"http://fpt.aptech.edu.vn/\">Aptech</a>&nbsp;đến Việt Nam từ năm 1999,&nbsp;<a href=\"http://fpt.aptech.edu.vn/\">FPT-Aptech Vietnam</a>&nbsp;c&oacute; hơn 14 năm kinh nghiệm đ&agrave;o tạo&nbsp;<a href=\"http://fpt.aptech.edu.vn/\">Aptech</a>&nbsp;đ&atilde; trở th&agrave;nh sự lựa chọn ưu ti&ecirc;n của người học v&agrave; nh&agrave; tuyển dụng. Trực thuộc&nbsp;<a href=\"http://fpt.com.vn/\">tập đo&agrave;n FPT</a>&nbsp;h&agrave;ng đầu trong lĩnh vực CNTT,&nbsp;<a href=\"http://fpt.aptech.edu.vn/tintuc.php?CatCode=6\">sinh vi&ecirc;n theo học tại FPT-Aptech Vietnam</a>&nbsp;sẽ y&ecirc;n t&acirc;m đạt được mục ti&ecirc;u lớn:</p>\r\n\r\n<ul>\r\n	<li>C&oacute; nghề chuy&ecirc;n m&ocirc;n giỏi</li>\r\n	<li>C&oacute; việc l&agrave;m đ&uacute;ng nghề</li>\r\n</ul>\r\n\r\n<p><a href=\"http://fpt.aptech.edu.vn/\">Hệ thống Trung t&acirc;m Đ&agrave;o tạo Lập tr&igrave;nh vi&ecirc;n Quốc tế FPT-APTECH Vietnam</a>&nbsp;vinh dự l&agrave; th&agrave;nh vi&ecirc;n trong số hơn 3200 trung t&acirc;m đ&agrave;o tạo theo chương tr&igrave;nh&nbsp;<a href=\"http://fpt.aptech.edu.vn/\">APTECH Worldwide</a>&nbsp;c&oacute; mặt ở 52 quốc gia.</p>\r\n\r\n<p>C&aacute;c trung t&acirc;m đ&agrave;o tạo của&nbsp;<a href=\"http://fpt.aptech.edu.vn/\">FPT-APTECH Vietnam</a>&nbsp;đều tu&acirc;n thủ theo một qui tr&igrave;nh đ&agrave;o tạo thống nhất được cấp chứng chỉ ISO 9001:2008 tại Việt Nam. Quy tr&igrave;nh đ&agrave;o tạo n&agrave;y bao gồm những th&agrave;nh tố như quản l&yacute; gi&aacute;o vi&ecirc;n, tổ chức giảng dạy, quan hệ sinh vi&ecirc;n, giới thiệu việc l&agrave;m v&agrave; kiểm so&aacute;t chất lượng.</p>\r\n\r\n<p>Chương tr&igrave;nh đ&agrave;o tạo&nbsp;<a href=\"http://fpt.aptech.edu.vn/\">APTECH</a>&nbsp;được cộng đồng thế giới đ&aacute;nh gi&aacute; cao, v&agrave; quan trọng hơn cả l&agrave; sinh vi&ecirc;n học&nbsp;<a href=\"http://fpt.aptech.edu.vn/\">APTECH</a>&nbsp;được c&ocirc;ng nhận rộng r&atilde;i, đặc biệt ở những nước c&oacute; nền c&ocirc;ng nghệ ti&ecirc;n tiến.&nbsp;<a href=\"http://fpt.aptech.edu.vn/\">APTECH</a>&nbsp;cung cấp cho ng&agrave;nh c&ocirc;ng nghiệp phần mềm tr&ecirc;n to&agrave;n cầu 100 nh&acirc;n lực mỗi ng&agrave;y. Tr&ecirc;n 500.000&nbsp;<a href=\"http://fpt.aptech.edu.vn/\">lập tr&igrave;nh vi&ecirc;n</a>&nbsp;do&nbsp;<a href=\"http://fpt.aptech.edu.vn/\">APTECH</a>&nbsp;cấp bằng đ&atilde; v&agrave; đang l&agrave;m việc tại Mỹ v&agrave; c&aacute;c quốc gia ph&aacute;t triển kh&aacute;c.</p>\r\n\r\n<p>C&aacute;c trung t&acirc;m đ&agrave;o tạo của&nbsp;<a href=\"http://fpt.aptech.edu.vn/\">FPT-APTECH Việt Nam</a>&nbsp;l&agrave; những th&agrave;nh vi&ecirc;n nỗ lực của đại gia đ&igrave;nh&nbsp;<a href=\"http://fpt.aptech.edu.vn/\">APTECH</a>đang đ&aacute;p ứng nhu cầu ng&agrave;y c&agrave;ng tăng về đ&agrave;o tạo lực lượng&nbsp;<a href=\"http://fpt.aptech.edu.vn/\">lập tr&igrave;nh vi&ecirc;n</a>&nbsp;chuy&ecirc;n nghiệp cũng như nguồn nh&acirc;n lực c&oacute; tr&igrave;nh độ tin học cao cho c&aacute;c doanh nghiệp, tổ chức trong v&agrave; ngo&agrave;i Việt Nam.</p>\r\n\r\n<p><a href=\"http://fpt.aptech.edu.vn/\">FPT-APTECH Vietnam</a>&nbsp;l&agrave; cầu nối tri thức gi&uacute;p bạn thay đổi cuộc sống, v&igrave; một tương lai tươi s&aacute;ng v&agrave; một sự nghiệp vững chắc.</p>\r\n\r\n<p><strong>Những h&igrave;nh ảnh về giải thưởng TOP ICT v&agrave; HCV 5 Sao:</strong></p>\r\n', '2017-09-08 15:16:30', 'hinhanh1.jpg', 1, 1, 0, 1, 1),
(48, 'Học trực tuyến Công nghệ thông tin - ngành len lỏi vào mọi lĩnh vực', '<p><strong><strong>Trong khủng hoảng kinh tế thế giới năm 2008, trong khi c&aacute;c ng&agrave;nh T&agrave;i ch&iacute;nh, Bất động sản, x&acirc;y dựng ... rất nhiều người mất việc l&agrave;m, th&igrave; nhu cầu nh&acirc;n lực ng&agrave;nh C&ocirc;ng nghệ th&ocirc;ng tin(CNTT) vẫn kh&ocirc;ng giảm m&agrave; c&oacute; xu hướng tăng. Ch&iacute;nh v&igrave; vậy, số lượng người chọn học ng&agrave;nh n&agrave;y vẫn rất cao.</strong></strong></p>\r\n', '<p><strong>Học ng&agrave;nh kh&ocirc;ng lo thất nghiệp</strong></p>\r\n\r\n<p>&nbsp;</p>\r\n\r\n<p>L&agrave;m c&ocirc;ng nghệ th&ocirc;ng tin kh&ocirc;ng chỉ đem đến một tương lai vững chắc, n&oacute; c&ograve;n l&agrave; một c&ocirc;ng việc th&uacute; vị lu&ocirc;n cập nhật với những điều mới mẻ nhất. Trước đ&acirc;y c&aacute;c sản phẩm của Microsoft l&agrave;m cho m&aacute;y t&iacute;nh trở n&ecirc;n phổ biến hơn rất nhiều, n&oacute; cũng gi&uacute;p Microsoft trở th&agrave;nh một c&ocirc;ng ty khổng lồ, v&agrave; gần như kh&ocirc;ng c&oacute; đối thủ trong ng&agrave;nh phần mềm. Thời đại internet nổi l&ecirc;n với sự xuất hiện của Google, với sản phẩm t&igrave;m kiếm nổi tiếng. Facebook cũng l&agrave;m con người thay đổi c&aacute;ch giao tiếp h&agrave;ng ng&agrave;y v&agrave; Apple l&agrave;m thay đổi định nghĩa về điện thoại.</p>\r\n\r\n<p>Hiện nay, nguồn nh&acirc;n lực ng&agrave;nh c&ocirc;ng nghệ th&ocirc;ng tin được cho l&agrave; thiếu trầm trọng, theo định hướng quy hoạch quốc gia đến năm 2020 Việt Nam cần khoảng 1.000.000 &nbsp;lao động. B&ecirc;n cạnh c&ocirc;ng nghệ phần cứng, phần mềm hay mạng m&aacute;y t&iacute;nh quen thuộc l&acirc;u nay, thị trường ng&agrave;nh n&agrave;y thay đổi hằng năm với sự g&oacute;p mặt v&agrave; ph&aacute;t triển nhanh ở c&aacute;c lĩnh vực như: t&iacute;ch hợp hệ thống, c&ocirc;ng nghệ di động, thương mại điện tử, game... Hiện nhu cầu &nbsp;nh&acirc;n lực trong ng&agrave;nh rất rộng mở, trong đ&oacute; c&oacute; nhiều vị tr&iacute; &ldquo;kh&aacute;t&rdquo; trầm trọng như: lập tr&igrave;nh di động, điện to&aacute;n đ&aacute;m m&acirc;y, quản trị mạng, chuy&ecirc;n gia bảo mật v&agrave; an ninh mạng&hellip;</p>\r\n\r\n<p>&nbsp;</p>\r\n\r\n<p>Ng&agrave;nh CNTT đ&atilde; ph&aacute;t triển rất mạnh v&agrave; th&acirc;m nhập s&acirc;u v&agrave;o cuộc sống, n&ecirc;n n&oacute; c&oacute; rất nhiều ph&acirc;n ng&agrave;nh nhỏ v&agrave; đ&ograve;i hỏi nh&acirc;n lực ở mọi cấp độ. D&ugrave; bất cứ lĩnh vực n&agrave;o cũng kh&ocirc;ng lo thất nghiệp.</p>\r\n\r\n<p>&nbsp;</p>\r\n\r\n<p><strong>C&ocirc;ng nghệ th&ocirc;ng tin &ndash; Ng&agrave;nh năng động nhất</strong></p>\r\n\r\n<p>&nbsp;</p>\r\n\r\n<p>Bất cứ đ&acirc;u cũng c&oacute; thể thấy sự hiện diện của CNTT. C&oacute; thể l&agrave; chiếc điện thoại với rất nhiều phần mềm được c&agrave;i sẵn b&ecirc;n trong hay hệ thống l&agrave;m việc của m&aacute;y r&uacute;t tiền ATM. Cứ như vậy, từ ng&acirc;n h&agrave;ng t&agrave;i ch&iacute;nh, tới h&agrave;ng kh&ocirc;ng, từ viễn th&ocirc;ng tới cả những lĩnh vực như an ninh quốc ph&ograve;ng, ở đ&acirc;u ứng dụng của CNTT cũng v&ocirc; c&ugrave;ng quan trọng.</p>\r\n\r\n<p>Ở Việt Nam, CNTT ch&iacute;nh l&agrave; một trong những ng&agrave;nh gi&uacute;p ch&uacute;ng ta bắt kịp với tr&igrave;nh độ ph&aacute;t triển ở thế giới. Việt Nam c&oacute; văn ph&ograve;ng đại diện của gần như tất cả c&aacute;c h&atilde;ng lớn nhất tr&ecirc;n thế giới về IT, ch&uacute;ng ta c&oacute; nh&agrave; m&aacute;y sản xuất rất lớn của Intel, Samsung, LG&hellip; Một số lượng lớn nguồn nh&acirc;n lực CNTT được đ&agrave;o tạo ở Việt Nam c&oacute; khả năng l&agrave;m việc ở mọi nơi tr&ecirc;n thế giới. Kể cả thung lũng Silicon, c&aacute;i n&ocirc;i của ng&agrave;nh CNTT to&agrave;n cầu.</p>\r\n\r\n<p>&nbsp;</p>\r\n\r\n<p><strong>Học dễ d&agrave;ng trong thời đại c&ocirc;ng nghệ số</strong></p>\r\n\r\n<p>&nbsp;</p>\r\n\r\n<p>Với sự ph&aacute;t triển vượt bậc của c&ocirc;ng nghệ th&igrave; việc ứng dụng th&agrave;nh quả ấy v&agrave;o dạy v&agrave; học kh&ocirc;ng c&oacute; g&igrave; l&agrave; mới lại trong thời đại ng&agrave;y nay. Đặc biệt n&oacute; ch&iacute;nh l&agrave; kết quả của c&aacute;c nh&agrave; c&ocirc;ng nghệ th&ocirc;ng tin t&agrave;i ba.</p>\r\n\r\n<p>&nbsp;</p>\r\n\r\n<p>Nhu cầu nguồn nh&acirc;n lực c&ocirc;ng nghệ đang &ldquo;kh&aacute;t&rdquo; do đ&oacute; việc đ&agrave;o tạo ng&agrave;nh c&ocirc;ng nghệ th&ocirc;ng tin đang kh&aacute; ph&aacute;t triển. Học theo phương ph&aacute;p trực tuyến đang được nhiều bạn trẻ ứng dụng v&igrave; tiết kiệm thời gian v&agrave; chi ph&iacute;. Mỗi kh&oacute;a học trực tuyến đều d&agrave;nh cho rất nhiều đối tượng, lộ tr&igrave;nh từ 1,5 đến 4 năm.</p>\r\n\r\n<p>Hiện nay, chương tr&igrave;nh đ&agrave;o tạo ng&agrave;nh C&ocirc;ng nghệ th&ocirc;ng tin trực tuyến uy t&iacute;n v&agrave; h&agrave;ng đầu đ&oacute; l&agrave; ở Topica. Đ&acirc;y l&agrave; chương tr&igrave;nh duy nhất hội tụ 1000 giảng vi&ecirc;n doanh nh&acirc;n, những người gi&agrave;u kinh nghiệm cũng như kiến thức chuy&ecirc;n m&ocirc;n giảng dạy.</p>\r\n\r\n<p>&nbsp;</p>\r\n\r\n<p>C&aacute;c sinh vi&ecirc;n tại đ&acirc;y được đ&agrave;o tạo c&oacute; tr&igrave;nh độ vững vằng, kỹ năng thực h&agrave;nh chuy&ecirc;n s&acirc;u cũng như ứng dụng CNTT, đ&aacute;p ứng nhu cầu ph&aacute;t triển CNTT n&oacute;i chung v&agrave; kinh tế - x&atilde; hội n&oacute;i chung. Chương tr&igrave;nh li&ecirc;n kết với nhiều trường Đại học c&ocirc;ng lập lớn của Việt Nam như: ĐH Kinh tế quốc d&acirc;n, Viện Đại học Mở H&agrave; Nội&hellip;.Sinh vi&ecirc;n tốt nghiệp được nhận bằng Cử nh&acirc;n do c&aacute;c trường Đại học uy t&iacute;n cấp, được Bộ Gi&aacute;o dục Đ&agrave;o tạo c&ocirc;ng nhận v&agrave; ph&ecirc; chuẩn.</p>\r\n\r\n<p>Về cơ bản, phương ph&aacute;p trực tuyến cung cấp đầy đủ v&agrave; nhanh nhất kiến thức cho sinh vi&ecirc;n. Điểm đặc biệt khi học với Topica l&agrave; đội ngũ quản l&yacute; học tập sẵn s&agrave;ng gi&uacute;p đỡ học vi&ecirc;n 24/7. Quản l&yacute; học tập tư vấn hỗ trợ học vi&ecirc;n trong qu&aacute; tr&igrave;nh học tập, r&egrave;n luyện v&agrave; c&aacute;c chế độ ch&iacute;nh s&aacute;ch, hoạt động li&ecirc;n quan; tổ chức họp lớp, đ&aacute;nh gi&aacute; kết quả r&egrave;n luyện v&agrave; theo d&otilde;i kết quả học tập của từng học vi&ecirc;n. Học vi&ecirc;n sẽ được nhắc nhở nếu chưa l&agrave;m b&agrave;i tập, nhắc nhở thi kết th&uacute;c m&ocirc;n.</p>\r\n\r\n<p>Sau khi học chương tr&igrave;nh cử nh&acirc;n trực tuyến với Topica, kh&ocirc;ng chỉ 97% học vi&ecirc;n c&oacute; việc, m&agrave; 34% t&igrave;m được c&ocirc;ng việc mới ưng &yacute; hơn. Trong đ&oacute;, 100% tăng lương với mức tăng trung b&igrave;nh 16.1%, gấp rưỡi mức tăng lương trung b&igrave;nh tại VN năm 2013 - theo nghi&ecirc;n cứu của c&ocirc;ng ty Towers Watson.</p>\r\n', '2017-09-08 15:03:56', 'hinhanh1.jpg', 1, 0, 0, 1, 1),
(49, 'Nâng cao kỹ năng Excel - Rút ngắn thời gian làm việc', '<p><strong><strong><em>Đối với những người phải li&ecirc;n tục l&agrave;m việc tr&ecirc;n m&aacute;y t&iacute;nh, Excel đ&atilde; trở th&agrave;nh một phần mềm kh&ocirc;ng thể thiếu để gi&uacute;p c&ocirc;ng việc được tiến h&agrave;nh hiệu quả hơn. Nhưng kh&ocirc;ng phải ai cũng sử dụng th&agrave;nh thạo phần mềm n&agrave;y. Với E-learning, chỉ trong 1 th&aacute;ng, bạn ho&agrave;n to&agrave;n c&oacute; thể tự tin l&agrave;m chủ Excel, r&uacute;t ngắn thời gian l&agrave;m việc.</em></strong></strong></p>\r\n', '<p>Thấy được nhu cầu n&acirc;ng cao kĩ năng Excel của một bộ phận lớn người đi l&agrave;m trong khi &nbsp;kh&ocirc;ng c&oacute; thời gian đăng k&iacute; học offline d&agrave;i ng&agrave;y, C&acirc;u lạc bộ Ph&aacute;t triển sự nghiệp thuộc Ban c&ocirc;ng t&aacute;c sinh vi&ecirc;n Topica đ&atilde; mở ra kh&oacute;a học &ldquo;Excel to&agrave;n tập cho người đi l&agrave;m&rdquo; được giảng dạy bởi giảng vi&ecirc;n doanh nh&acirc;n L&ecirc; B&iacute;ch Nga - trưởng ban kiểm so&aacute;t nội bộ c&ocirc;ng ty TNHH VKX. Vốn l&agrave; người thường xuy&ecirc;n theo d&otilde;i tiến độ c&ocirc;ng việc cũng như xử l&yacute; c&aacute;c số liệu tr&ecirc;n Excel n&ecirc;n c&ocirc; Nga sở hữu một vốn kiến thức c&ugrave;ng kinh nghiệm dạn d&agrave;y trong sử dụng phần mềm n&agrave;y.</p>\r\n\r\n<p>Khai giảng ng&agrave;y 05/03/2016, c&ocirc; Nga đ&atilde; c&oacute; 1 buổi học offline với hơn 30 sinh vi&ecirc;n để giới thiệu những th&ocirc;ng tin cơ bản về kh&oacute;a học, lịch tr&igrave;nh học tập, kinh nghiệm học. Lớp học sau đ&oacute; được tiếp tục với h&igrave;nh thức online để c&aacute;c anh chị sinh vi&ecirc;n chủ động ho&agrave;n to&agrave;n. 7 chuy&ecirc;n đề được sắp xếp theo mức độ kh&oacute; tăng dần gi&uacute;p người học dễ d&agrave;ng nắm vững kiến thức từ cơ bản đến phức tạp. Mặt kh&aacute;c, học liệu dạng file PDF v&agrave; video n&ecirc;n rất sinh động, trực quan, dễ hiểu. Học vi&ecirc;n thực h&agrave;nh ngay kiến thức đ&atilde; học tr&ecirc;n c&aacute;c b&agrave;i tập đa dạng, phong ph&uacute; khiến thời gian học, hiểu r&uacute;t ngắn đ&aacute;ng kể.</p>\r\n\r\n<p>&nbsp;</p>\r\n\r\n<p>Chị Nguyễn Thị Lan Hương (Bắc Ninh) - sinh vi&ecirc;n chuy&ecirc;n ng&agrave;nh Kế to&aacute;n chương tr&igrave;nh Topica Uni - chia sẻ: &ldquo;T&ocirc;i học kế to&aacute;n nhưng trước đ&acirc;y hầu như kh&ocirc;ng biết g&igrave; về Excel. Sau khi tham gia học, t&ocirc;i mới nhận ra phần mềm n&agrave;y hữu dụng như thế n&agrave;o trong c&ocirc;ng t&aacute;c kế to&aacute;n. Hiện, t&ocirc;i đ&atilde; n&acirc;ng cao kỹ năng xử l&yacute; th&ocirc;ng tin v&agrave; nắm được mọi kĩ năng cần thiết trong sử dụng Excel v&agrave;o c&ocirc;ng việc thực tế. &nbsp;Đặc biệt, đ&acirc;y l&agrave; kh&oacute;a học online n&ecirc;n rất tiết kiệm thời gian, chi ph&iacute; học tập. C&oacute; thắc mắc g&igrave; t&ocirc;i lại l&ecirc;n Facebook group hỏi v&agrave; được c&ocirc; c&ugrave;ng bạn b&egrave; thảo luận, giải đ&aacute;p nhiệt t&igrave;nh&rdquo;.</p>\r\n\r\n<p>Cũng theo học c&ugrave;ng kh&oacute;a với chị Hương, anh Quốc Hưng nhận x&eacute;t tr&igrave;nh độ lớp học kh&ocirc;ng qu&aacute; kh&oacute;, rất vừa sức với sinh vi&ecirc;n. Đang theo học ng&agrave;nh Quản trị kinh doanh chương tr&igrave;nh Topica Uni, Excel đối với anh l&agrave; rất cần thiết. Sau 4 tuần học, mặc d&ugrave; khối lượng b&agrave;i tập kh&aacute; nhiều nhưng anh vẫn ho&agrave;n th&agrave;nh đầy đủ, đ&uacute;ng hạn v&agrave; thu được một vốn kiến thức kha kh&aacute;.</p>\r\n', '2017-09-08 15:05:07', 'hinhanh1.jpg', 1, 0, 0, 1, 1),
(50, '‘’Lễ tuyên dương giảng viên tiêu biểu năm 2016 – Giảng viên trong cách mạng công nghệ số’’ – Nơi hội tụ của những tâm huyết giảng dạy', '<h1><strong><strong>M&ocirc;̃i năm chỉ c&oacute; m&ocirc;̣t l&acirc;̀n, 20/11 l&agrave; dịp m&agrave; m&ocirc;̃i người học tr&ograve;&nbsp; nhớ v&ecirc;̀ v&agrave; tri &acirc;n tới những người th&acirc;̀y người c&ocirc; đ&atilde;, đang giảng dạy m&igrave;nh. Đ&ocirc;́i với những sinh vi&ecirc;n của chương tr&igrave;nh E-learning th&igrave; m&ocirc;́i quan h&ecirc;̣ n&agrave;y lại c&agrave;ng trở n&ecirc;n đặc bi&ecirc;̣t v&agrave; gắn b&oacute; khăng kh&iacute;t hơn, th&acirc;̀y c&ocirc; kh&ocirc;ng chỉ l&agrave; người chia sẻ tri thức m&agrave; c&ograve;n l&agrave; người truy&ecirc;̀n lửa đam m&ecirc;, truy&ecirc;̀n kinh nghi&ecirc;̣m. Những người th&acirc;̀y, người c&ocirc; n&agrave;y đang l&agrave; những con người đi ti&ecirc;n phong trong thời đại c&ocirc;ng ngh&ecirc;̣ s&ocirc;́.</strong></strong></h1>\r\n', '<p><strong><strong>M&ocirc;̃i năm chỉ c&oacute; m&ocirc;̣t l&acirc;̀n, 20/11 l&agrave; dịp m&agrave; m&ocirc;̃i người học tr&ograve;&nbsp; nhớ v&ecirc;̀ v&agrave; tri &acirc;n tới những người th&acirc;̀y người c&ocirc; đ&atilde;, đang giảng dạy m&igrave;nh. Đ&ocirc;́i với những sinh vi&ecirc;n của chương tr&igrave;nh E-learning th&igrave; m&ocirc;́i quan h&ecirc;̣ n&agrave;y lại c&agrave;ng trở n&ecirc;n đặc bi&ecirc;̣t v&agrave; gắn b&oacute; khăng kh&iacute;t hơn, th&acirc;̀y c&ocirc; kh&ocirc;ng chỉ l&agrave; người chia sẻ tri thức m&agrave; c&ograve;n l&agrave; người truy&ecirc;̀n lửa đam m&ecirc;, truy&ecirc;̀n kinh nghi&ecirc;̣m. Những người th&acirc;̀y, người c&ocirc; n&agrave;y đang l&agrave; những con người đi ti&ecirc;n phong trong thời đại c&ocirc;ng ngh&ecirc;̣ s&ocirc;́.</strong></strong></p>\r\n\r\n<p>&nbsp;</p>\r\n\r\n<p>H&ograve;a c&ugrave;ng v&agrave;o kh&ocirc;ng kh&iacute; tri &acirc;n v&agrave; cũng thay lời cảm ơn tới to&agrave;n th&ecirc;̉ Giảng vi&ecirc;n c&aacute;c chương tr&igrave;nh đ&agrave;o tạo cử nh&acirc;n trực tuyến, TOPICA UNI tổ chức &ldquo;L&Ecirc;̃ TUY&Ecirc;N DƯƠNG GIẢNG VI&Ecirc;N TI&Ecirc;U BI&Ecirc;̉U NĂM 2016 &ndash; GIẢNG VI&Ecirc;N TRONG C&Aacute;CH MẠNG C&Ocirc;NG NGH&Ecirc;̣ S&Ocirc;́&rdquo;. Đ&acirc;y l&agrave; lời tri &acirc;n những c&ocirc;́ng hi&ecirc;́n của t&acirc;̣p th&ecirc;̉ giảng vi&ecirc;n trong su&ocirc;́t 1 năm qua. Th&acirc;̀y c&ocirc; đ&atilde; kh&ocirc;ng chỉ chia sẻ ki&ecirc;́n thức m&agrave; c&ograve;n truy&ecirc;̀n lửa đam m&ecirc; với ngh&ecirc;̀, nhi&ecirc;̣t huy&ecirc;́t giảng dạy. Bu&ocirc;̉i l&ecirc;̃ tuy&ecirc;n dương sẽ bao g&ocirc;̀m 2 ph&acirc;̀n l&ecirc;̃ vinh danh giảng vi&ecirc;n ti&ecirc;u bi&ecirc;̉u v&agrave; ph&acirc;̀n tri &acirc;n giảng vi&ecirc;n.&nbsp;</p>\r\n\r\n<p>Ph&acirc;̀n l&ecirc;̃ vinh danh sẽ l&agrave; lời tri &acirc;n tới 30 th&acirc;̀y c&ocirc; Giảng vi&ecirc;n chuy&ecirc;n m&ocirc;n v&agrave; 30 th&acirc;̀y c&ocirc; Giảng vi&ecirc;n Doanh nh&acirc;n c&oacute; những c&ocirc;́ng hi&ecirc;́n nhi&ecirc;̀u nh&acirc;́t trong năm qua. H&ocirc;̣i đ&ocirc;̀ng th&acirc;̉m định đ&atilde; đưa ra những ti&ecirc;u ch&iacute; r&acirc;́t s&aacute;t với thực t&ecirc;́ giảng dạy bao g&ocirc;̀m: C&aacute;c thầy/c&ocirc; đ&ecirc;̀u l&agrave; những người được ghi nh&acirc;̣n c&ocirc;́ng hi&ecirc;́n hạng A1 v&agrave; A2 tại c&aacute;c kỳ 2/2015 v&agrave; kỳ 1/2016; s&ocirc;́ giờ giảng dạy online v&agrave; offline, s&ocirc;́ lượt b&agrave;i chia sẻ tr&ecirc;n diễn đ&agrave;n lớp v&agrave; H2472, s&ocirc;́ cảm ơn của sinh vi&ecirc;n v&ecirc;̀ những chia sẻ n&agrave;y; hoạt đ&ocirc;̣ng ph&aacute;t tri&ecirc;̉n sư phạm v&agrave; nghi&ecirc;n cứu khoa học của th&acirc;̀y/c&ocirc;.</p>\r\n\r\n<p>Chi tiết ti&ecirc;u ch&iacute; Thầy c&ocirc; xem tại :&nbsp;<a href=\"https://docs.google.com/a/topica.edu.vn/document/d/1wHy8R5I-UZvHhqKsiI5US5zYUm9sd8P6vJzkt3dzCMs/edit?usp=drive_web\">LINK</a></p>\r\n\r\n<p>Từ Top 30 Giảng vi&ecirc;n chuy&ecirc;n m&ocirc;n v&agrave; Giảng vi&ecirc;n Doanh nh&acirc;n, dựa v&agrave;o mức đ&ocirc;̣ c&ocirc;́ng hi&ecirc;́n cũng như đ&ocirc;̣ y&ecirc;u th&iacute;ch của sinh vi&ecirc;n d&agrave;nh cho c&aacute;c th&acirc;̀y c&ocirc;, chương tr&igrave;nh sẽ gửi lời vinh danh tới Top 5&nbsp; th&acirc;̀y c&ocirc; c&ocirc;́ng hi&ecirc;́n v&agrave; Top 5 th&acirc;̀y c&ocirc; được y&ecirc;u th&iacute;ch nh&acirc;́t d&agrave;nh cho Giảng vi&ecirc;n Doanh nh&acirc;n v&agrave; chuy&ecirc;n m&ocirc;n.</p>\r\n\r\n<p>Hy vọng&nbsp; L&ecirc;̃ Tuy&ecirc;n dương Giảng vi&ecirc;n ti&ecirc;u bi&ecirc;̉u 2016 sẽ l&agrave; một lời đ&ocirc;̣ng vi&ecirc;n v&agrave; ghi nh&acirc;̣n c&ocirc;́ng hi&ecirc;́n của th&acirc;̀y/c&ocirc; của chương tr&igrave;nh TOPICA UNI, truy&ecirc;̀n th&ecirc;m lửa nhi&ecirc;̣t huy&ecirc;́t cho th&acirc;̀y c&ocirc; trong sự nghi&ecirc;̣p giảng dạy.</p>\r\n\r\n<p>Xin k&iacute;nh ch&uacute;c qu&yacute; thầy c&ocirc; lu&ocirc;n mạnh khỏe, hạnh ph&uacute;c, th&agrave;nh c&ocirc;ng.</p>\r\n', '2017-09-08 15:06:31', 'hinhanh1.jpg', 1, 0, 0, 1, 1),
(51, 'Lên chức Giám đốc chỉ trong 6 tháng - Tại sao không?', '<h1>L&ecirc;n chức Gi&aacute;m đốc chỉ trong 6 th&aacute;ng - Tại sao kh&ocirc;ng?</h1>\r\n', '<p><strong><strong><em>Theo tạp ch&iacute; Forbes, trung b&igrave;nh mỗi năm một nh&acirc;n vi&ecirc;n thể hiện tốt sẽ được tăng lương 3%, trừ hao lạm ph&aacute;t th&igrave; chỉ c&ograve;n khoảng 1% hoặc &iacute;t hơn. Với tốc độ ph&aacute;t triển chậm chạp n&agrave;y, sẽ chẳng dễ d&agrave;ng g&igrave; để một người được tăng lương trong 1 năm chứ đừng n&oacute;i g&igrave; đến việc thăng chức. Nhưng tại &ldquo;Chương tr&igrave;nh tuyển dụng l&atilde;nh đạo 22CEO tương lai&rdquo;, trở th&agrave;nh Gi&aacute;m đốc cấp cao chỉ sau 6 th&aacute;ng lại ho&agrave;n to&agrave;n l&agrave; chuyện trong tầm với.</em></strong></strong></p>\r\n\r\n<p>&nbsp;</p>\r\n\r\n<p>&ldquo;22CEO tương lai&rdquo; l&agrave; chương tr&igrave;nh tuyển dụng l&atilde;nh đạo cấp cao uy t&iacute;n h&agrave;ng đầu Việt Nam do Tổ hợp C&ocirc;ng nghệ Gi&aacute;o dục Topica tổ chức. L&agrave; một trong những đơn vị startup th&agrave;nh c&ocirc;ng nhất Đ&ocirc;ng Nam &Aacute; tr&ecirc;n lĩnh vực gi&aacute;o dục trực tuyến, Topica hiểu r&otilde; tầm quan trọng của việc x&acirc;y dựng một đội ngũ nh&acirc;n sự gắn kết, vững mạnh với nền tảng l&agrave; những con người năng động, t&agrave;i năng v&agrave; nhiệt huyết. Do đ&oacute;, &ldquo;Chương tr&igrave;nh tuyển dụng l&atilde;nh đạo 22CEO tương lai&rdquo; đ&atilde; ra đời nhằm t&igrave;m kiếm v&agrave; đ&agrave;o tạo ứng vi&ecirc;n c&oacute; tố chất l&atilde;nh đạo để đảm đương những vị tr&iacute; quản l&yacute; cấp cao của Topica.</p>\r\n\r\n<p>Đến nay, chương tr&igrave;nh đ&atilde; tổ chức th&agrave;nh c&ocirc;ng 6 đợt ở quy m&ocirc; trong nước. H&agrave;ng chục gương mặt t&agrave;i năng đ&atilde; lộ diện v&agrave; đang nắm giữ những chức vụ quan trọng, triển khai được nhiều dự &aacute;n chiến lược mang tầm cỡ quốc tế, đ&oacute;ng g&oacute;p t&iacute;ch cực cho sự ph&aacute;t triển của Tổ hợp tr&ecirc;n quy m&ocirc; to&agrave;n cầu.</p>\r\n\r\n<p>C&oacute; thể n&oacute;i, đ&acirc;y l&agrave; một trong những cơ hội để bứt ph&aacute; trong sự nghiệp hiếm c&oacute; kh&oacute; t&igrave;m ở Việt Nam hiện nay khi thị trường lao động với nhiều ng&agrave;nh nghề đ&atilde; đến mức b&atilde;o h&ograve;a. Theo một thống k&ecirc; của Bộ Lao động - Thương binh v&agrave; X&atilde; hội được c&ocirc;ng bố v&agrave;o cuối năm 2015, c&oacute; đến hơn 225.500 cử nh&acirc;n v&agrave; thạc sĩ đang thất nghiệp, chiếm khoảng 20% số lao động thất nghiệp tr&ecirc;n cả nước. Với số liệu đ&aacute;ng b&aacute;o động n&agrave;y, nhiều sinh vi&ecirc;n sau khi ra trường đ&atilde; chấp nhận l&agrave;m việc với mức lương b&egrave;o bọt chỉ để kh&ocirc;ng mang tiếng &ldquo;ăn b&aacute;m&rdquo; gia đ&igrave;nh, &ocirc;m ấp hi vọng rằng sau một thời gian chăm chỉ l&agrave;m việc sẽ nhận được sự c&ocirc;ng nhận xứng đ&aacute;ng. Thực tế chứng minh, cuộc sống kh&ocirc;ng bao giờ dễ d&agrave;ng như thế!</p>\r\n', '2017-09-08 15:07:55', 'hinhanh1.jpg', 19, 0, 0, 1, 19),
(52, 'Đây là giải pháp giúp bạn hạn chế hoàn toàn cuộc gọi rác cho iPhone', '<h1>Đ&acirc;y l&agrave; giải ph&aacute;p gi&uacute;p bạn hạn chế ho&agrave;n to&agrave;n cuộc gọi r&aacute;c cho iPhone</h1>\r\n', '<p>C&aacute;c cuộc gọi r&aacute;c thường xuy&ecirc;n l&agrave; nguy&ecirc;n nh&acirc;n ch&iacute;nh g&acirc;y ức chế cho người d&ugrave;ng di động, nhất l&agrave; khi bạn đang họp nhưng phải tạm ho&atilde;n v&igrave; phải ra ngo&agrave;i nhận cuộc gọi. Bạn vẫn c&oacute; thể bỏ qua c&aacute;c cuộc gọi dạng n&agrave;y từ số kh&ocirc;ng x&aacute;c định n&agrave;y tuy nhi&ecirc;n r&otilde; r&agrave;ng đ&acirc;y kh&ocirc;ng phải l&agrave; một giải ph&aacute;p tốt nếu như kh&aacute;ch h&agrave;ng hoặc người th&acirc;n sử dụng số lạ gọi cho bạn.</p>\r\n\r\n<p>Nếu sử dụng iPhone, bạn c&oacute; thể nhanh ch&oacute;ng chặn c&aacute;c cuộc gọi r&aacute;c từ một số bất kỳ. Tuy nhi&ecirc;n, t&iacute;nh năng n&agrave;y dường như chỉ c&oacute; t&aacute;c dụng với mỗi số cố định v&agrave; số đ&oacute; đ&atilde; được bạn x&aacute;c định l&agrave; &ldquo;r&aacute;c&rdquo;. C&oacute; vẻ như về mặc n&agrave;y th&igrave; Samsung l&agrave;m tốt hơn iPhone khi t&iacute;ch hợp bộ lọc cuộc gọi để cho ph&eacute;p x&aacute;c định nhanh v&iacute; tr&iacute;, cũng như cảnh b&aacute;o cho bạn về trạng th&aacute;i cuộc gọi c&oacute; l&agrave;&hellip; r&aacute;c hay kh&ocirc;ng.</p>\r\n\r\n<p><strong>C&aacute;ch để th&ecirc;m bộ lọc cuộc gọi cho iPhone</strong></p>\r\n\r\n<p>Tuy vậy, iOS lại c&oacute; rất nhiều c&aacute;c ứng dụng hạn chế c&aacute;c cuộc gọi r&aacute;c v&agrave; một số c&oacute; t&aacute;c dụng rất hiệu quả. Một điều cần lưu &yacute; l&agrave; giữa Android v&agrave; iOS c&oacute; một sự kh&aacute;c biệt rất cơ bản về hệ thống bảo mật kh&eacute;p k&iacute;n. Do đ&oacute;, bạn kh&ocirc;ng thể chỉ đơn giản l&agrave; tải ứng dụng hạn chế hoặc chặn cuộc gọi r&aacute;c v&agrave; mong muốn n&oacute; hoạt động một c&aacute;ch tự động. Tất cả bạn cần l&agrave;m l&agrave; cho ph&eacute;p ứng dụng được can thiệp v&agrave;o c&aacute;c t&iacute;nh năng cơ bản của thiết bị để n&oacute; ph&aacute;t huy t&aacute;c dụng, m&agrave; ở đ&acirc;y l&agrave; quản l&yacute; cuộc gọi.</p>\r\n', '2017-09-08 15:10:16', 'hinhanh1.jpg', 16, 0, 0, 1, 16),
(53, 'Quá chán với font chữ mặc định của Windows 10? Đây là cách để bạn làm mới nó', '<h2>Hướng dẫn bạn đọc c&aacute;ch thay đổi font mặc định của Windows 10 sang kiểu font bạn th&iacute;ch.</h2>\r\n', '<h2>Hướng dẫn bạn đọc c&aacute;ch thay đổi font mặc định của Windows 10 sang kiểu font bạn th&iacute;ch.</h2>\r\n\r\n<p>&ldquo;Segoe UI&rdquo; l&agrave; font chữ mặc định tr&ecirc;n Windows 10. Tuy nhi&ecirc;n, nếu bạn kh&ocirc;ng th&iacute;ch kiểu font n&agrave;y v&agrave; muốn tự thiết lập một font kh&aacute;c l&agrave;m mặc định cho Windows 10 th&igrave; phải l&agrave;m thế n&agrave;o? Nếu sử dụng Windows 7, việc thay đổi font sẽ diễn ra kh&aacute; đơn giản nhưng với Windows 10 th&igrave; mọi chuyện lại rất kh&aacute;c.</p>\r\n\r\n<p>&nbsp;</p>\r\n', '2017-09-08 15:11:00', 'hinhanh1.jpg', 16, 0, 0, 1, 16),
(54, '\"Quẩy\" cùng bạn bè với ứng dụng tạo video hát nhép cực nhộn trên Android', '<h2>Chỉ với 1 chiếc smartphone, bạn c&oacute; thể tạo ra h&agrave;ng loạt c&aacute;c video cover theo nhạc đầy phong c&aacute;ch c&ugrave;ng bạn b&egrave;.</h2>\r\n', '<h2>Chỉ với 1 chiếc smartphone, bạn c&oacute; thể tạo ra h&agrave;ng loạt c&aacute;c video cover theo nhạc đầy phong c&aacute;ch c&ugrave;ng bạn b&egrave;.</h2>\r\n\r\n<p>Mới đ&acirc;y, nhiều diễn đ&agrave;n d&agrave;nh cho giới trẻ Việt li&ecirc;n tục đăng tải clip d&agrave;i khoảng 15 gi&acirc;y khiến người xem kh&ocirc;ng khỏi bật cười. Theo đ&oacute;, c&aacute;c nh&acirc;n vật trong đoạn video đang tham gia tr&agrave;o lưu mới c&oacute; t&ecirc;n &quot;Ho&agrave;ng hậu nương nương ph&aacute;n xử&quot;. Người thực hiện chỉ cần bật nhạc, h&aacute;t, nh&uacute;n nhảy theo giai điệu v&agrave; c&oacute; thể biến tấu theo phong c&aacute;ch của ri&ecirc;ng m&igrave;nh.</p>\r\n\r\n<p>Đến nay, sức n&oacute;ng của &quot;Ho&agrave;ng hậu nương nương ph&aacute;n xử&quot; được cho rằng hấp dẫn hơn cả bộ phim Người ph&aacute;n xử. Nhiều phi&ecirc;n bản chế theo tr&agrave;o lưu n&agrave;y cũng nhanh ch&oacute;ng được ra đời, &quot;g&acirc;y b&atilde;o&quot; mạng như Mẹ chồng ph&aacute;n xử, Ho&agrave;ng hậu nương nương ph&aacute;n xử phi&ecirc;n bản ba ch&uacute; bộ đội... Nhiều người nhận định tr&ograve; chơi mới mang đến kh&ocirc;ng kh&iacute; vui nhộn, h&agrave;i hước v&agrave; dự đo&aacute;n sẽ tiếp tục &quot;l&agrave;m mưa l&agrave;m gi&oacute;&quot; trong một thời gian d&agrave;i.</p>\r\n\r\n<p><em>V&agrave; nếu bạn đang rất muốn tham gia v&agrave;o tr&agrave;o lưu cực nhộn n&agrave;y, b&agrave;i viết n&agrave;y sẽ hướng dẫn bạn c&aacute;ch để tạo ra ch&uacute;ng.</em></p>\r\n\r\n<p>&nbsp;</p>\r\n', '2017-09-08 15:11:49', 'hinhanh1.jpg', 16, 0, 0, 1, 16);
INSERT INTO `news` (`id`, `name`, `preview`, `detail`, `date_create`, `picture`, `cat_id`, `is_slide`, `view`, `user_id`, `cat_parent`) VALUES
(55, '6 sai lầm gián tiếp giết chết iPhone mà nhiều người không biết', '<p>iPhone l&agrave; một trong c&aacute;c smartphone được đ&aacute;nh gi&aacute; c&oacute; độ bền theo thời gian. Tuy vậy c&oacute; kh&aacute; nhiều người d&ugrave;ng sử dụng kh&ocirc;ng l&acirc;u th&igrave; iPhone đ&atilde; gặp vấn đề. Kh&ocirc;ng nhắc đến yếu tố do nh&agrave; sản xuất, người d&ugrave;ng cũng l&agrave; nguy&ecirc;n nh&acirc;n khiến iPhone nhanh &quot;tuột phong độ&quot;, v&igrave; th&oacute;i quen xấu khi sử dụng l&agrave;m ảnh hưởng tới thiết bị.</p>\r\n', '<p>iPhone l&agrave; một trong c&aacute;c smartphone được đ&aacute;nh gi&aacute; c&oacute; độ bền theo thời gian. Tuy vậy c&oacute; kh&aacute; nhiều người d&ugrave;ng sử dụng kh&ocirc;ng l&acirc;u th&igrave; iPhone đ&atilde; gặp vấn đề. Kh&ocirc;ng nhắc đến yếu tố do nh&agrave; sản xuất, người d&ugrave;ng cũng l&agrave; nguy&ecirc;n nh&acirc;n khiến iPhone nhanh &quot;tuột phong độ&quot;, v&igrave; th&oacute;i quen xấu khi sử dụng l&agrave;m ảnh hưởng tới thiết bị.</p>\r\n\r\n<h3><strong>1. SỬ DỤNG SẠC PIN KH&Ocirc;NG CH&Iacute;NH H&Atilde;NG HOẶC Đ&Atilde; BỊ HỎNG</strong></h3>\r\n\r\n<p>Được biết đ&acirc;y l&agrave; nguy&ecirc;n do g&acirc;y hỏng iPhone nhiều nhất, việc sử dụng d&acirc;y sạc bị hỏng hoặc c&aacute;c linh kiện sạc b&ecirc;n thứ 3 chưa được Apple chứng thực, c&oacute; thể khiến c&aacute;c bản mạch tr&ecirc;n iPhone ảnh hưởng rất nhiều.&nbsp;</p>\r\n\r\n<p>Ngo&agrave;i ra sử dụng c&aacute;p sạc kh&ocirc;ng chuẩn c&oacute; thể khiến xảy ra ch&aacute;y nổ. Do đ&oacute; tốt nhất bạn n&ecirc;n d&ugrave;ng d&acirc;y v&agrave; cốc sạc ch&iacute;nh h&atilde;ng từ Apple hoặc mua sạc từ c&aacute;c nơi mua sắm tin cậy.</p>\r\n\r\n<h3><strong>2. D&Ugrave;NG IPHONE TRONG ĐIỀU KIỆN KHẮC NGHIỆT</strong></h3>\r\n\r\n<p>Nhiệt độ l&yacute; tưởng để sử dụng smartphone ngo&agrave;i trời l&agrave; từ 0 độ C - 32 độ C. V&igrave; n&oacute;ng qu&aacute; hoặc lạnh qu&aacute; cũng g&acirc;y ảnh hưởng cho pin v&agrave; c&aacute;c linh kiện b&ecirc;n trong. Nếu phải mang thiết bị đến những nơi c&oacute; &aacute;nh s&aacute;ng khắc nghiệt như b&atilde;i biển hay c&ocirc;ng vi&ecirc;n, h&atilde;y tr&aacute;nh &aacute;nh nắng trực tiếp chiếu v&agrave;o thiết bị hoặc bỏ v&agrave;o t&uacute;i.</p>\r\n\r\n<h3><strong>3. VỆ SINH ĐIỆN THOẠI SAI C&Aacute;CH</strong></h3>\r\n\r\n<p>&nbsp;</p>\r\n\r\n<p>Được biết vệ sinh điện thoại thường xuy&ecirc;n sẽ rất c&oacute; lợi cho người d&ugrave;ng, cũng như thiết bị. Tuy nhi&ecirc;n đ&ocirc;i khi việc vệ sinh sai c&aacute;ch c&ograve;n ảnh hưởng nghi&ecirc;m trọng hơn. Như việc sử dụng c&aacute;c chất tẩy rửa sẽ khiến mất lớp bảo vệ tr&ecirc;n mặt k&iacute;nh iPhone, do đ&oacute; thiết bị sẽ dễ trầy hơn nếu kh&ocirc;ng d&aacute;n m&agrave;n h&igrave;nh.</p>\r\n\r\n<p>Bạn n&ecirc;n sử dụng một chiếc khăn mềm để vệ sinh tốt hơn. D&ugrave; kh&ocirc;ng sạch bằng khi d&ugrave;ng chất tẩy rửa nhưng n&oacute; v&ocirc; c&ugrave;ng an to&agrave;n với thiết bị của bạn.</p>\r\n\r\n<h3><strong>4. KH&Ocirc;NG BAO GIỜ TẮT THIẾT BỊ</strong></h3>\r\n\r\n<p>&nbsp;</p>\r\n\r\n<p>iPhone cũng cần được nghỉ ngơi, do đ&oacute; bạn n&ecirc;n tắt thiết bị &iacute;t nhất 1 lần 1 tuần rồi mở lại. Việc l&agrave;m n&agrave;y vừa gi&uacute;p khắc phục c&aacute;c lỗi thường gặp tr&ecirc;n iPhone, vừa gi&uacute;p thiết bị hoạt động ổn định v&agrave; mượt m&agrave; hơn.</p>\r\n\r\n<h3><strong>5. SỬ DỤNG THIẾT BỊ TRONG M&Ocirc;I TRƯỜNG ẨM ƯỚT</strong></h3>\r\n\r\n<p>&nbsp;</p>\r\n\r\n<p>Hơi nước c&oacute; thể thấm v&agrave;o thiết bị, g&acirc;y ảnh hưởng đến c&aacute;c bộ phận b&ecirc;n trong. Do đ&oacute; bạn n&ecirc;n tr&aacute;nh mang thiết bị v&agrave;o nh&agrave; tắm, v&igrave; nước n&oacute;ng tạo ra hơi nước dễ lọt v&agrave;o điện thoại.</p>\r\n\r\n<h3><strong>6. L&Agrave;M RƠI</strong></h3>\r\n\r\n<p>Kh&ocirc;ng chỉ nguy cơ g&acirc;y vỡ m&agrave;n h&igrave;nh, việc va đập mạnh với c&aacute;c bề mặt cứng sẽ khiến c&aacute;c bộ phận b&ecirc;n trong cũng c&oacute; thể bị hỏng. Bạn c&oacute; thể giảm x&aacute;c suất xảy ra việc n&agrave;y bằng c&aacute;ch sử dụng c&aacute;c ốp lưng c&oacute; độ b&aacute;m tốt.</p>\r\n', '2017-09-08 15:13:38', 'hinhanh1.jpg', 16, 0, 0, 1, 16),
(56, 'Cách kích hoạt bàn phím thuận tay trên iOS 11', '<p>Trong b&agrave;i viết, m&igrave;nh sẽ chia sẻ cho c&aacute;c bạn c&aacute;ch để sử dụng b&agrave;n ph&iacute;m thuận tay cho iPhone nếu thiết bị đang c&agrave;i đặt iOS 11 mới.</p>\r\n', '<p>Trong b&agrave;i viết, m&igrave;nh sẽ chia sẻ cho c&aacute;c bạn c&aacute;ch để sử dụng b&agrave;n ph&iacute;m thuận tay cho iPhone nếu thiết bị đang c&agrave;i đặt iOS 11 mới.</p>\r\n\r\n<p>Một t&iacute;nh năng nhỏ trong iOS 11 m&agrave; sẽ hữu &iacute;ch cho rất nhiều người d&ugrave;ng đ&oacute; l&agrave; lựa chọn mới cho một b&agrave;n ph&iacute;m thuận tay. M&igrave;nh sẽ hướng dẫn c&aacute;c bạn lam như thế n&agrave;o để dễ d&agrave;ng chuyển đổi giữa b&agrave;n ph&iacute;m ti&ecirc;u chuẩn v&agrave; một b&agrave;n ph&iacute;m thuận tay, cũng như c&oacute; thể thay đổi c&aacute;c t&ugrave;y chọn mặc định.</p>\r\n\r\n<p>Tuy nhi&ecirc;n, c&aacute;c bạn cũng phải lưu &yacute; rằng việc bật b&agrave;n ph&iacute;m thuận tay sẽ tiện lợi hơn khi sử dụng bằng một tay, ph&ugrave; hợp với một v&agrave;i t&iacute;nh huống nhất định. T&iacute;nh năng n&agrave;y cũng đ&atilde; t&iacute;ch hợp sẵn v&agrave;o iOS 11 cho lựa chọn k&iacute;ch hoạt ở b&ecirc;n tr&aacute;i hoặc b&ecirc;n phải t&ugrave;y theo tay thuận của người d&ugrave;ng.</p>\r\n\r\n<h3><strong>L&Agrave;M THẾ N&Agrave;O ĐỂ SỬ DỤNG MỘT B&Agrave;N PH&Iacute;M THUẬN TAY TRONG IOS 11</strong></h3>\r\n\r\n<p><strong>Bước 1:</strong>&nbsp;Bấm v&agrave; giữ tr&ecirc;n biểu tượng biểu tượng cảm x&uacute;c hoặc thay đổi ng&ocirc;n ngữ ở b&ecirc;n g&oacute;c dưới của b&agrave;n ph&iacute;m.&nbsp;</p>\r\n\r\n<p><strong>Bước 2:&nbsp;</strong>Chọn biểu tượng b&agrave;n ph&iacute;m thuận tay tr&aacute;i hoặc phải</p>\r\n\r\n<p><strong>Bước 3:&nbsp;</strong>Bấm v&agrave;o h&igrave;nh chữ V ở mặt b&ecirc;n của b&agrave;n ph&iacute;m để trở về với một b&agrave;n ph&iacute;m ti&ecirc;u chuẩn l&agrave;m trung t&acirc;m.</p>\r\n\r\n<p>Một b&agrave;n ph&iacute;m thuận tay cung cấp đủ c&aacute;c điều chỉnh để bạn sử dụng v&agrave; đảm bảo việc &nbsp;to&agrave;n bộ b&agrave;n ph&iacute;m đều c&oacute; thể thao t&aacute;c bằng một ng&oacute;n c&aacute;i, thậm ch&iacute; l&agrave; tr&ecirc;n iPhone 7 Plus. (T&iacute;nh năng n&agrave;y sẽ kh&ocirc;ng thể được t&igrave;m thấy tr&ecirc;n iPhone SE hoặc 5s.</p>\r\n\r\n<h3>DƯỚI Đ&Acirc;Y L&Agrave; MỘT C&Aacute;I NH&Igrave;N S&Acirc;U HƠN VỀ C&Aacute;C T&Iacute;NH NĂNG MỚI</h3>\r\n\r\n<p>Đối với những người thường xuy&ecirc;n sử dụng một tay tr&ecirc;n iPhone th&igrave; c&aacute;c bạn c&oacute; t&ugrave;y chọn bật b&agrave;n ph&iacute;m thuận tay l&agrave; mặc định trong phần &quot;<strong>C&agrave;i đặt b&agrave;n ph&iacute;m&quot;</strong>. Để l&agrave;m được điều n&agrave;y, bạn cần truy cập th&ocirc;ng qua&nbsp;<strong>C&agrave;i đặt &rarr; &nbsp;General &rarr; Keyboard</strong>.</p>\r\n', '2017-09-08 15:14:44', 'hinhanh1.jpg', 16, 0, 0, 1, 16),
(57, 'Speedtest Galaxy Note 8 với Note FE, Note 5, Note 4, Note 3, Note 2', '<p>Speedtest Galaxy note 8 với Note 7, Note 5, Note 4, Note 3, Note 2 để xem c&ocirc;ng nghệ đ&atilde; ph&aacute;t triển như thế n&agrave;o?</p>\r\n', '<p>Speedtest Galaxy note 8 với Note 7, Note 5, Note 4, Note 3, Note 2 để xem c&ocirc;ng nghệ đ&atilde; ph&aacute;t triển như thế n&agrave;o?</p>\r\n\r\n<p>Galaxy Note l&agrave; một trong những d&ograve;ng smartphone nổi tiếng nhất của Samsung. Ch&uacute;ng đ&atilde; g&oacute;p phần đưa kh&aacute;i niệm phablet trở n&ecirc;n phổ biến tr&ecirc;n thị trường thiết bị di động.</p>\r\n\r\n<p>Kh&ocirc;ng c&ograve;n nghi ngờ g&igrave; nữa Galaxy Note 8 ch&iacute;nh l&agrave; chiếc Flagship mạnh mẽ nhất của Samsung. Nhưng c&acirc;u hỏi người d&ugrave;ng đang đặt ra l&agrave; thế hệ Galaxy Note đ&atilde; ph&aacute;t triển như thế n&agrave;o qua c&aacute;c thế hệ từ Galaxy Note 2 đến Galaxy Note 8.</p>\r\n\r\n<p>Giới thiệu qua về lịch sử ra đơi của c&aacute;c thế hệ Galaxy Note:</p>\r\n\r\n<p>&nbsp;</p>\r\n\r\n<p>&nbsp;</p>\r\n\r\n<p>&nbsp;</p>\r\n\r\n<p>&nbsp;</p>\r\n\r\n<ul>\r\n	<li>Galaxy Note (1) ra mắt th&aacute;ng 10/2011 sở hữu m&agrave;n h&igrave;nh Amoled 5.3 inch độ ph&acirc;n giải 1280x800.</li>\r\n	<li>Galaxy Note 2 ra mắt ng&agrave;y 29 th&aacute;ng 8 năm 2012 sở hữu m&agrave;n h&igrave;nh 5.5 inch độ ph&acirc;n giải 1280x720.</li>\r\n	<li>Galaxy Note 3 ra mắt 4 th&aacute;ng 9 năm 2013 sở hữu m&agrave;n h&igrave;nh 5.7 inch độ ph&acirc;n giải FullHD, Ram 3GB.</li>\r\n	<li>Galaxy Note 4 ra mắt 3 th&aacute;ng 9 năm 2014 sở hữu m&agrave;n h&igrave;nh 5.7 inch độ ph&acirc;n giải QHD, Ram 3Gb.</li>\r\n	<li>Galaxy Note 5 ra mắt 13 th&aacute;ng 8 năm 2015 sở hữu thiết kế nguy&ecirc;n khối, m&agrave;n h&igrave;nh Amoled 5,7 inch .</li>\r\n	<li>Galaxy note 7 ra mắt ng&agrave;y 2 th&aacute;ng 8 năm 2016 c&oacute; khả năng chống nước, sử dụng cổng USB-C.</li>\r\n	<li>Galaxy Note 8 ra mắt &nbsp;ng&agrave;y 23 th&aacute;ng 8 năm 2017 sở hữu m&agrave;n h&igrave;nh v&ocirc; cực, Ram 6GB.</li>\r\n</ul>\r\n\r\n<p>C&aacute;c bạn thấy sao về Galaxy Note Series? H&atilde;y để lại &yacute; kiến ở phần comment nh&eacute;!</p>\r\n', '2017-09-08 15:15:23', 'hinhanh1.jpg', 16, 0, 0, 1, 16),
(58, 'Hướng dẫn tạo Apple ID không cần Gmail, Visa, MasterCard', '<p>Hướng dẫn tạo Apple ID kh&ocirc;ng cần thẻ Visa, MasterCard</p>\r\n', '<p>Hướng dẫn tạo Apple ID kh&ocirc;ng cần thẻ Visa, MasterCard</p>\r\n\r\n<p>Với hệ điều h&agrave;nh iOS, để download v&agrave; update được một&nbsp;ứng dụng&nbsp;hoặc game, nhạc h&igrave;nh bản quyền l&uacute;c n&agrave;o bạn cũng bị đ&ograve;i hỏi một t&agrave;i khoản ID&nbsp;Apple, nhưng để tạo ID Apple đ&uacute;ng chuẩn mực th&igrave; sẽ rất l&agrave; kh&oacute; khăn v&igrave; Apple đ&ograve;i hỏi bạn phải c&oacute; một t&agrave;i khoản thanh to&aacute;n online quốc tế, nhưng nếu bạn kh&ocirc;ng c&oacute; thẻ VISA hoặc MASTER hoặc muốn tạo một t&agrave;i khoản miễn ph&iacute; th&igrave; h&atilde;y l&agrave;m theo c&aacute;c bước sau:</p>\r\n\r\n<p>Bước 1: V&agrave;o c&agrave;i đặt =&gt; iCloud</p>\r\n\r\n<p>&nbsp;</p>\r\n', '2017-09-08 15:16:24', 'hinhanh1.jpg', 16, 1, 0, 1, 16);

-- --------------------------------------------------------

--
-- Table structure for table `user`
--

CREATE TABLE `user` (
  `id` int(50) NOT NULL,
  `username` varchar(255) COLLATE utf8_unicode_ci NOT NULL,
  `password` varchar(255) COLLATE utf8_unicode_ci NOT NULL,
  `fullname` varchar(255) COLLATE utf8_unicode_ci NOT NULL,
  `active` int(50) NOT NULL,
  `picture` varchar(255) COLLATE utf8_unicode_ci NOT NULL,
  `address` varchar(255) COLLATE utf8_unicode_ci NOT NULL,
  `caption` varchar(255) COLLATE utf8_unicode_ci NOT NULL,
  `phone` varchar(255) COLLATE utf8_unicode_ci NOT NULL
) ENGINE=InnoDB DEFAULT CHARSET=utf8 COLLATE=utf8_unicode_ci;

--
-- Dumping data for table `user`
--

INSERT INTO `user` (`id`, `username`, `password`, `fullname`, `active`, `picture`, `address`, `caption`, `phone`) VALUES
(1, 'admin', 'e10adc3949ba59abbe56e057f20f883e', 'Admin', 1, 'favicon.png', 'tổ 144, Hòa Minh', '<p>T&ocirc;i l&agrave; admin đ&acirc;y</p>\r\n', '12323213'),
(3, 'mod', '202cc6ac1aaf316c3b7419f6345e62f4', 'VinaEnter Mod', 1, 'Screenshot (202).png', 'tổ 144, Hòa Minh', '<p>T&ocirc;i l&agrave; Mod</p>\r\n', '3123543545'),
(4, 'manhoan', 'c20ad4d76fe97759aa27a0c99bff6710', 'Mạnh Hoan', 1, 'thefatrat fly away.png', 'Tổ 144', '<p>Boss l&agrave; tao</p>\r\n', '8878'),
(5, 'manhhoan76', 'c4ca4238a0b923820dcc509a6f75849b', 'Mạnh Hoan', 1, 'favicon.png', 'tổ 144, Hòa Minh sdsa', '<p>Make page</p>\r\n', '0981615773'),
(6, 'hoan', 'c4ca4238a0b923820dcc509a6f75849b', 'Manh Hoan Nguyễn', 0, 'Screenshot (200).png', '54 Nguyễn lương Bằng, Đà Nẵng, Việt Nam', '<p>Kh&ocirc;ng c&oacute; chi hết&nbsp;</p>\r\n', '981615773');

-- --------------------------------------------------------

--
-- Table structure for table `video`
--

CREATE TABLE `video` (
  `id` int(50) NOT NULL,
  `link` varchar(255) COLLATE utf8_unicode_ci NOT NULL,
  `cat_id` int(50) NOT NULL,
  `show_link` int(11) NOT NULL,
  `name` varchar(255) COLLATE utf8_unicode_ci NOT NULL,
  `view` int(50) NOT NULL,
  `date_create` timestamp NOT NULL DEFAULT CURRENT_TIMESTAMP ON UPDATE CURRENT_TIMESTAMP,
  `user_id` int(50) NOT NULL
) ENGINE=InnoDB DEFAULT CHARSET=utf8 COLLATE=utf8_unicode_ci;

--
-- Dumping data for table `video`
--

INSERT INTO `video` (`id`, `link`, `cat_id`, `show_link`, `name`, `view`, `date_create`, `user_id`) VALUES
(1, 'https://www.youtube.com/embed/y9gUc2rhpBA', 1, 1, 'Nhạc hay', 0, '2017-09-08 15:35:22', 1),
(2, 'https://www.youtube.com/embed/y9gUc2rhpBA', 4, 0, 'Nhạc hay', 0, '2017-09-02 06:08:16', 1),
(3, 'https://www.youtube.com/embed/y9gUc2rhpBA', 5, 0, 'Đâu chỉ rieeng em đ', 0, '2017-09-02 06:08:19', 3),
(6, 'https://www.youtube.com/embed/y9gUc2rhpBA', 16, 1, '456htrgbvcdeyjhgfbvds', 0, '2017-09-08 15:35:24', 3),
(7, 'https://www.youtube.com/embed/y9gUc2rhpBA', 4, 1, 'dhk đâu chỉ riêng anh', 0, '2017-09-08 15:35:23', 5),
(8, 'https://www.youtube.com/embed/y9gUc2rhpBA', 5, 1, 'e22eeeeeeerwr32r3', 0, '2017-09-08 15:35:22', 5),
(9, 'https://www.youtube.com/embed/dokzNTIWHzs', 4, 1, 'Hướng dẫn cài đặt JDK, Netbeans IDE và Eclipse IDE', 0, '2017-09-08 15:35:21', 1),
(10, 'https://www.youtube.com/embed/dokzNTIWHzs', 4, 1, 'Hướng Dẫn cài đặt', 0, '2017-09-08 15:42:35', 1);

--
-- Indexes for dumped tables
--

--
-- Indexes for table `ads`
--
ALTER TABLE `ads`
  ADD PRIMARY KEY (`id`);

--
-- Indexes for table `cat_list`
--
ALTER TABLE `cat_list`
  ADD PRIMARY KEY (`id`);

--
-- Indexes for table `comment`
--
ALTER TABLE `comment`
  ADD PRIMARY KEY (`id`);

--
-- Indexes for table `commentvideo`
--
ALTER TABLE `commentvideo`
  ADD PRIMARY KEY (`id`);

--
-- Indexes for table `contact`
--
ALTER TABLE `contact`
  ADD PRIMARY KEY (`id`);

--
-- Indexes for table `mess`
--
ALTER TABLE `mess`
  ADD PRIMARY KEY (`id`);

--
-- Indexes for table `news`
--
ALTER TABLE `news`
  ADD PRIMARY KEY (`id`);

--
-- Indexes for table `user`
--
ALTER TABLE `user`
  ADD PRIMARY KEY (`id`);

--
-- Indexes for table `video`
--
ALTER TABLE `video`
  ADD PRIMARY KEY (`id`);

--
-- AUTO_INCREMENT for dumped tables
--

--
-- AUTO_INCREMENT for table `ads`
--
ALTER TABLE `ads`
  MODIFY `id` int(50) NOT NULL AUTO_INCREMENT, AUTO_INCREMENT=9;
--
-- AUTO_INCREMENT for table `cat_list`
--
ALTER TABLE `cat_list`
  MODIFY `id` int(50) NOT NULL AUTO_INCREMENT, AUTO_INCREMENT=20;
--
-- AUTO_INCREMENT for table `comment`
--
ALTER TABLE `comment`
  MODIFY `id` int(50) NOT NULL AUTO_INCREMENT, AUTO_INCREMENT=18;
--
-- AUTO_INCREMENT for table `commentvideo`
--
ALTER TABLE `commentvideo`
  MODIFY `id` int(50) NOT NULL AUTO_INCREMENT, AUTO_INCREMENT=16;
--
-- AUTO_INCREMENT for table `contact`
--
ALTER TABLE `contact`
  MODIFY `id` int(50) NOT NULL AUTO_INCREMENT, AUTO_INCREMENT=5;
--
-- AUTO_INCREMENT for table `mess`
--
ALTER TABLE `mess`
  MODIFY `id` int(50) NOT NULL AUTO_INCREMENT, AUTO_INCREMENT=24;
--
-- AUTO_INCREMENT for table `news`
--
ALTER TABLE `news`
  MODIFY `id` int(50) NOT NULL AUTO_INCREMENT, AUTO_INCREMENT=59;
--
-- AUTO_INCREMENT for table `user`
--
ALTER TABLE `user`
  MODIFY `id` int(50) NOT NULL AUTO_INCREMENT, AUTO_INCREMENT=7;
--
-- AUTO_INCREMENT for table `video`
--
ALTER TABLE `video`
  MODIFY `id` int(50) NOT NULL AUTO_INCREMENT, AUTO_INCREMENT=11;
/*!40101 SET CHARACTER_SET_CLIENT=@OLD_CHARACTER_SET_CLIENT */;
/*!40101 SET CHARACTER_SET_RESULTS=@OLD_CHARACTER_SET_RESULTS */;
/*!40101 SET COLLATION_CONNECTION=@OLD_COLLATION_CONNECTION */;
